first_name,last_name,grade
Regina,Adie,D
Abrahan,Aicheson,D
Peggie,Aitken,D
Shina,Aizic,D
Ninetta,Alastair,D
Deck,Aldred,D
Daniella,Aldrin,D
Maude,Alger,D
Arlee,Alpine,D
Gayla,Amphlett,D
Herminia,Antley,D
Verina,Antosch,D
Stearn,Anwell,D
Carilyn,Ashford,D
Wynnie,Attenbarrow,D
Phillis,Aubert,D
Nikki,Aubrun,D
Farris,Axten,D
Amerigo,Baert,D
Jule,Baggallay,D
Kiel,Barhem,D
Linn,Baribal,D
Melinda,Barringer,D
Derrick,Baudrey,D
Cole,Bauduccio,D
Kyla,Beechcraft,D
Bertha,Benterman,D
Chev,Berkelay,D
Matthew,Bes,D
Brita,Biaggi,D
Jeniece,Bielby,D
Isadora,Bielfeld,D
Sansone,Bigg,D
Thaddeus,Bilbery,D
Berry,Birts,D
Adina,Blackhall,D
Rhys,Blaxeland,D
Lief,Bleckly,D
Normy,Bolin,D
Calla,Bosson,D
Crystal,Boylund,D
Demetre,Braben,D
Jereme,Brasseur,D
Kaleena,Brendeke,D
Maje,Bridywater,D
Emanuele,Brittan,D
Stephannie,Brownjohn,D
Tomas,Brunotti,D
Phillida,Buffey,D
Ophelia,Bugbird,D
Devora,Bullant,D
Willa,Bulley,D
Allayne,Bulluck,D
Collen,Caisley,D
Burnaby,Camel,D
Dell,Campes,D
Sadie,Canto,D
Hillyer,Cantrill,D
Roberto,Carlill,D
Vernen,Castilljo,D
Maribelle,Cecil,D
Marcus,Chantillon,D
Wolf,Chatain,D
Elmo,Chelnam,D
Victoir,Chiese,D
Bartholomeus,Chilley,D
Fara,Citrine,D
Gaspar,Claasen,D
Homere,Clemenza,D
Nial,Clericoates,D
Sisely,Cloney,D
Traver,Cockney,D
Kent,Cogan,D
Roy,Connal,D
Roseanne,Copsey,D
Lonna,Corain,D
Barbaraanne,Cordall,D
Ellis,Couvert,D
Kippar,Cowndley,D
Karel,Craydon,D
Joseito,Crayk,D
Harrie,Crier,D
Sioux,Crookall,D
Joyan,Crowter,D
Hilary,Croxton,D
Honey,Crunkhorn,D
Ettie,Crysell,D
Jarred,Cullinan,D
Dion,Cunrado,D
Eugenius,Cupitt,D
Hallsy,D'Abbot-Doyle,D
Lane,Daintree,D
Addi,Darbey,D
Rona,De Vaar,D
Hayden,Deeks,D
Michel,Demkowicz,D
Aguistin,Digance,D
Lukas,Dinwoodie,D
Anett,Dodding,D
Wyndham,Doge,D
Elston,Doldon,D
Brander,Domonkos,D
Garrick,Donovan,D
Muffin,Dorcey,D
Elmo,Downey,D
Ken,Dowsing,D
Hannah,Dreamer,D
Cheri,Drewson,D
Yul,Dugmore,D
Serge,Duinkerk,D
Winonah,Dumini,D
Rey,Duplan,D
Nalani,Eathorne,D
Chelsey,Enric,D
Ab,Erdes,D
Filmer,Escofier,D
Bron,Everson,D
Aluin,Eynaud,D
Salomi,Felder,D
Ludovika,Felton,D
Bev,Ferrie,D
Damian,Ferrolli,D
Gretchen,Findon,D
Harper,Fiorentino,D
Jacky,Firby,D
Rowena,Flavelle,D
Salomi,Fleet,D
Alford,Fortescue,D
Wilfred,Fossett,D
Richart,Fowell,D
Mikel,France,D
Stepha,Frostdicke,D
Vivi,Fysh,D
Avigdor,Gaddes,D
Katti,Galley,D
Rudolph,Garraway,D
Stephine,Garza,D
Ilsa,Gaul,D
Teresa,Geane,D
Xenos,Geeritz,D
Bethany,Giacopazzi,D
Cazzie,Gillott,D
Dyana,Gilvary,D
Meredithe,Girling,D
Bernadette,Glossop,D
Herculie,Goreway,D
Munmro,Gorrissen,D
Gabriele,Goschalk,D
Marney,Gossage,D
Fionnula,Grindle,D
Goran,Grzelczyk,D
Aline,Gyorgy,D
Alasdair,Habershon,D
Mackenzie,Hadcroft,D
Doralia,Haitlie,D
Stanislas,Hallum,D
Floria,Halworth,D
Nelle,Hamnett,D
Berkly,Hamshaw,D
Karla,Harbin,D
Merry,Hardcastle,D
Chase,Harris,D
Jerry,Harriskine,D
Cirilo,Hawk,D
Etienne,Hearst,D
Cathyleen,Heazel,D
Carmella,Hebblewhite,D
Genevieve,Hellsdon,D
Dur,Hindmoor,D
Zabrina,Horburgh,D
Griffith,Horsey,D
Christin,Huxham,D
Jerry,Ibel,D
Fairfax,Isacoff,D
Birdie,Ishak,D
Geoffrey,Itzkovwitch,D
Ingrim,Ivers,D
Franchot,Jakubowski,D
Aldous,Janda,D
Bailey,Janeway,D
Godart,Jankowski,D
Elset,Jaquin,D
Henrik,Jaszczak,D
Denise,Jealous,D
Thaddus,Jeffs,D
Curtice,Jennaway,D
Sharai,Julien,D
Ronny,Jupp,D
Mellisa,Kaysor,D
Isidor,Keaves,D
Jemima,Keighly,D
Atlante,Kelf,D
Stormie,Kelloway,D
Horacio,Kempshall,D
Lucian,Kensy,D
Herman,Keough,D
Emmy,Kiernan,D
Kaine,Kless,D
Granville,Klinck,D
Zia,Korda,D
Barbee,Kretschmer,D
Trenna,Kruschov,D
Mahalia,Kubatsch,D
Vikki,Laborde,D
Martha,Lafont,D
Torrey,Lamperti,D
Berne,Lavrinov,D
Shane,Lawson,D
Eimile,Lawther,D
Therese,Leadbitter,D
Birgit,Leahy,D
Allison,Leal,D
Raquela,Leates,D
Erie,Lints,D
Prudence,Lunt,D
Tommy,MacCauley,D
Bliss,MacGuigan,D
Louise,Magauran,D
Rebecka,Malt,D
Morena,Mannooch,D
Lilias,Manns,D
Farley,Marishenko,D
Hadlee,Marris,D
Ursula,Maslin,D
Page,Mattecot,D
Sammy,Matyas,D
Puff,McArthur,D
Parry,McDuffy,D
Brana,McGaraghan,D
Jule,McGaugey,D
Doti,McQuilliam,D
Anatollo,McSweeney,D
Bealle,Meach,D
Annabella,Megson,D
Alfie,Mehaffey,D
Merell,Meininking,D
Durante,Melia,D
Tobin,Merali,D
Aimee,Morfield,D
Nyssa,Moughtin,D
Walsh,Muffin,D
Storm,Muino,D
Donalt,Murty,D
Mala,Nendick,D
Flore,Nial,D
Abran,Novelli,D
Liane,O'Lunny,D
Garrik,Olensby,D
Erda,Order,D
Brady,Orto,D
Boony,Palia,D
Row,Pantecost,D
Leeanne,Parkman,D
Dore,Parr,D
Letisha,Paslow,D
Ranee,Pau,D
Katherina,Pennell,D
Merrile,Perulli,D
Morena,Petche,D
Modestine,Petty,D
Christen,Pettyfer,D
Hamil,Pickervance,D
Sergio,Pinckard,D
Opal,Pineaux,D
Timmy,Plank,D
Burr,Plumridge,D
Romonda,Pollen,D
Marline,Powles,D
Yvor,Poyntz,D
Garrott,Poytres,D
Irena,Prendergast,D
Klement,Prescote,D
Marne,Putson,D
Bebe,Quartley,D
Aurilia,Raisbeck,D
Nikoletta,Ramalho,D
Pall,Ramlot,D
Arny,Reisin,D
Immanuel,Renzo,D
Jasen,Rhymer,D
Kyle,Rickell,D
Marsha,Rickis,D
Cristionna,Robjohns,D
Sabina,Romaine,D
Piper,Rorke,D
Esteban,Roskrug,D
Joel,Ross,D
Larine,Rothon,D
Lena,Rubinchik,D
Gertrud,Rudiger,D
Shandy,Rulf,D
Truman,Salasar,D
Stavro,Salzburg,D
Yolande,Sammons,D
Ortensia,Sargeaunt,D
Billye,Sawnwy,D
Jobina,Schaben,D
Jennee,Schuricht,D
Ronica,Scollick,D
Irvin,Scothorne,D
Reena,Scranney,D
Mayor,Scrimshire,D
Tate,Scurrer,D
Cobb,Scurry,D
Britney,Seagrove,D
Dag,Sharrocks,D
Gaspard,Sherbrook,D
Oby,Sherreard,D
Andria,Shiliton,D
Almeta,Shilladay,D
Gayleen,Shimmin,D
Ruth,Sidebotham,D
Alexia,Sighart,D
Pepe,Signore,D
Dannye,Sinderson,D
Ronnica,Sisson,D
Dal,Skellington,D
Nickolas,Slay,D
Gianna,Slingsby,D
Foster,Smartman,D
Brennan,Sneesby,D
Angele,Somner,D
Gar,Southgate,D
Maible,Spedding,D
Bunni,Spellessy,D
Junie,Spelsbury,D
Briny,Spittles,D
Cristie,Spore,D
Dav,Stairmond,D
Homere,Stickney,D
Bill,Stinchcombe,D
Vidovic,Stoffler,D
Kiri,Stood,D
Dud,Strettle,D
Lennard,Sumshon,D
Oneida,Surpliss,D
Abie,Sussans,D
Parker,Swatman,D
Shaw,Sweatman,D
Vale,Synan,D
Hailey,Teale,D
Kaylyn,Tearle,D
Chryste,Teodori,D
Rosalynd,Thorrold,D
Timotheus,Tidman,D
Annelise,Ties,D
Tiebout,Tirone,D
Leela,Toombs,D
Camey,Tregonna,D
Zane,Turneux,D
Delcine,Tweede,D
Drud,Urey,D
Daven,Varndell,D
Boycey,Vasilik,D
Broderic,Velte,D
Gwenni,Venny,D
Bertrand,Vesque,D
Tobe,Wagge,D
Bobbie,Waldocke,D
Nady,Webermann,D
Curtice,Weeden,D
Dalila,Wellington,D
Storm,Whitley,D
Malissia,Whitmell,D
Aubrey,Whyard,D
Ernie,Wilcher,D
Shaughn,Willbraham,D
Olga,Willcock,D
Whitney,Willerton,D
Maxy,Willis,D
Marjie,Winny,D
Zebulon,Woolvett,D
Hersh,Woonton,D
Currey,Wordley,D
Nevil,Worsall,D
Hortense,Wyllie,D
Meg,Wynn,D
Fee,Wyrall,D
Vincent,Yakebovitch,D
Fina,Yarham,D
Dennet,Yaus,D
Eric,Zielinski,D
Ki,de Cullip,D
