id,first_name,last_name,email,gender,exercise_freq,age,height_cm,weight_kg,satisfaction,consent_given,occupation,city
1,Jamil,Chellenham,jchellenham0@google.cn,Agender,S,56,153.6,179.4,false,Male,Support,Ban Ratsada
2,Camala,Capener,ccapener1@timesonline.co.uk,Female,XL,27,148.5,135.3,false,Male,Training,Mehendiganj
3,Kalina,Meynell,kmeynell2@tinypic.com,Female,M,63,177.8,183.3,true,Female,Sales,Smederevo
4,,Gilhooly,bgilhooly3@google.it,Male,3XL,57,147.7,98.0,false,Male,Services,Nossa Senhora do Socorro
5,Yankee,Duffer,yduffer4@europa.eu,Male,XL,59,162.0,47.7,true,Female,Product Management,Sanxi
6,Mehetabel,Devitt,mdevitt5@ebay.com,Female,,62,149.8,151.8,true,Female,Accounting,Tawangsari
7,,Pellitt,,Female,S,25,173.0,121.4,false,,Accounting,Lubomierz
8,Fitzgerald,Doxey,fdoxey7@so-net.ne.jp,Male,XL,55,166.5,188.5,false,Male,Sales,Gondang
9,Ellsworth,Baalham,ebaalham8@blogtalkradio.com,Male,L,36,,119.4,false,Female,Accounting,Futuroscope
10,Nonnah,Agnew,nagnew9@meetup.com,Female,3XL,26,171.2,72.0,false,Male,Support,Cibebek
11,Andrus,Stigell,,Male,L,59,160.1,171.7,false,,Business Development,Dijon
12,Aleece,Cosin,acosinb@php.net,Female,XL,27,,115.0,true,Male,Legal,Tanjung
13,Odey,,omccruddenc@webs.com,Male,,54,,47.7,false,Male,Legal,Lovran
14,Arny,Morse,amorsed@ning.com,Male,3XL,28,167.4,54.6,false,Male,Services,Strezhevoy
15,,Cronchey,lcroncheye@addtoany.com,Male,L,38,150.5,129.5,true,Male,Engineering,Kousa
16,Eva,Dufall,edufallf@cbslocal.com,Female,S,23,173.6,169.1,true,Female,Research and Development,Volosovo
17,,Nozzolii,cnozzoliig@a8.net,Male,XS,43,179.8,192.2,true,Male,Support,Kuroiso
18,,Pleager,apleagerh@miitbeian.gov.cn,Female,,55,177.7,121.4,false,Male,Support,Zyukayka
19,Berthe,Shafier,bshafieri@ca.gov,Polygender,2XL,55,159.2,58.0,true,Male,,Morangis
20,Lothario,Matei,lmateij@over-blog.com,Non-binary,S,66,153.9,130.5,true,Female,Research and Development,Žulová
21,Sargent,Gaffon,,Male,3XL,60,164.1,104.9,false,Female,Training,Jaquimeyes
22,Sheri,Benzi,sbenzil@walmart.com,Female,XS,35,165.2,52.9,true,Male,Marketing,Solânea
23,Miof mela,Defraine,mdefrainem@un.org,Female,2XL,25,172.8,146.0,true,Male,Sales,Acobambilla
24,Taylor,Kerbey,tkerbeyn@printfriendly.com,Genderqueer,XL,42,175.6,191.0,true,Female,Business Development,Port Erin
25,Horatio,Klambt,hklambto@tinyurl.com,Male,3XL,34,156.1,70.7,false,Male,Product Management,Itapé
26,,Draude,wdraudep@opensource.org,Male,S,29,148.3,161.6,false,Female,Training,Ludvika
27,Rex,Danilchenko,rdanilchenkoq@npr.org,Male,2XL,23,147.9,194.5,true,Female,Human Resources,Ust-Maya
28,Rosetta,Gerckens,,Female,2XL,33,152.2,153.1,false,Female,Accounting,Tuwiri Wetan
29,Daphna,Novello,dnovellos@adobe.com,Female,2XL,21,,184.9,false,Male,Marketing,Kozyatyn
30,Pavel,Swannack,pswannackt@pagesperso-orange.fr,Male,M,47,150.1,117.5,true,Male,Legal,Tash-Kumyr
31,Loretta,Fish,lfishu@delicious.com,Female,3XL,32,169.9,,true,Female,Training,Ekpoma
32,Pattie,Copozio,pcopoziov@amazon.com,Female,M,24,151.4,120.8,true,Male,Product Management,Bile
33,Nils,,ngolightlyw@furl.net,Male,S,60,,102.7,false,Male,Research and Development,Asenovgrad
34,Kimberley,Desesquelle,kdesesquellex@sina.com.cn,Female,,29,161.6,86.6,false,Female,Training,Kalepasan
35,Marsha,Tingey,mtingeyy@rambler.ru,Female,S,56,173.6,86.9,false,Female,Engineering,
36,Merv,Littlecote,mlittlecotez@list-manage.com,Male,S,55,156.7,183.5,false,Female,Marketing,Marquard
37,Rance,Presswell,rpresswell10@merriam-webster.com,Male,S,43,157.8,140.4,true,Female,Human Resources,Dimovo
38,,Dominetti,adominetti11@businessweek.com,Female,2XL,29,175.7,100.7,false,Female,Business Development,Annan
39,Kim,Andriolli,,Male,2XL,26,154.2,196.7,true,Male,Support,Rivière-du-Loup
40,Randal,Ilyin,rilyin13@wikipedia.org,Genderfluid,S,66,173.4,149.3,true,Female,Human Resources,Trondheim
41,Ian,Ashborne,iashborne14@slideshare.net,Genderqueer,XL,24,175.0,99.9,false,Female,Accounting,Balakhta
42,Jessee,Sapena,jsapena15@un.org,Male,3XL,75,153.4,138.9,false,Male,Services,Liyang
43,Flinn,Please,fplease16@woothemes.com,Male,S,72,164.0,135.5,false,Female,Engineering,Palca
44,Amalie,Gogerty,agogerty17@google.co.jp,Genderqueer,,39,175.7,100.2,true,Female,Human Resources,Al Lagowa
45,Laetitia,Amos,lamos18@php.net,Female,M,40,157.5,120.5,false,Male,Human Resources,Uman’
46,Teador,Etherton,tetherton19@rakuten.co.jp,Genderfluid,M,31,156.5,188.0,false,Male,Business Development,Caluquembe
47,Rory,Labuschagne,rlabuschagne1a@utexas.edu,Male,M,38,175.3,112.6,false,Male,Accounting,Laúndos
48,Dulcie,Rosenberg,drosenberg1b@macromedia.com,Female,3XL,50,166.4,192.8,true,Female,Human Resources,Hřebeč
49,Kenn,Karpinski,,Male,L,52,154.7,99.6,true,Female,Training,
50,Natalie,Kropp,nkropp1d@addtoany.com,Female,,64,148.0,183.8,true,Female,Legal,Toba
51,Chiquia,Camilio,ccamilio1e@yellowbook.com,Female,XS,36,152.5,182.6,true,Male,Research and Development,Pärnu-Jaagupi
52,Jillana,Pitcher,jpitcher1f@mapquest.com,Female,M,23,176.6,143.8,false,Female,Support,
53,Melony,Jiroutka,mjiroutka1g@army.mil,Female,S,33,172.1,177.5,true,Male,Sales,Jinping
54,Bank,Gatley,bgatley1h@bluehost.com,Male,2XL,43,157.9,190.7,true,Male,Research and Development,Lasiana
55,Aubrie,Slarke,aslarke1i@google.it,Female,XL,64,171.3,47.0,true,Male,Sales,Dapchi
56,Fields,Richard,frichard1j@auda.org.au,Male,S,56,172.1,185.2,false,Female,Support,Xia’ertai
57,Karyl,Sadler,ksadler1k@ezinearticles.com,Female,XL,68,148.2,47.7,false,Male,Human Resources,Phon Charoen
58,Michail,Etridge,metridge1l@storify.com,Male,S,56,158.8,181.7,false,Female,Support,Yidu
59,Eolande,Boutellier,eboutellier1m@over-blog.com,Female,XS,56,161.5,187.8,true,Male,Services,Muang Xay
60,Tucky,Steanyng,tsteanyng1n@cyberchimps.com,Male,S,41,159.7,129.3,true,Female,Business Development,Leiyang
61,Barry,Veregan,bveregan1o@japanpost.jp,Agender,S,53,153.4,111.2,true,Male,Engineering,Gedangan
62,Dorothy,Twohig,dtwohig1p@japanpost.jp,Female,M,54,174.8,70.7,false,Female,Legal,Quibal
63,Dorthy,Sprey,dsprey1q@usatoday.com,Agender,,26,178.4,153.9,false,Male,Research and Development,Asykata
64,Joshua,,,Male,XS,61,151.3,126.3,false,,Business Development,Tartouss
65,Michelina,McGeoch,mmcgeoch1s@simplemachines.org,Female,XL,34,147.3,188.2,false,Male,Legal,Almirante
66,Junie,Cardero,jcardero1t@themeforest.net,Female,S,62,162.3,94.9,false,Male,Product Management,Valladolid
67,,Puzey,npuzey1u@tripadvisor.com,Genderqueer,2XL,59,148.2,84.8,false,Male,Business Development,Ondores
68,Stephan,Pregel,spregel1v@illinois.edu,Male,L,33,161.3,91.5,true,Male,Business Development,Askainen
69,Derk,Walicki,dwalicki1w@fema.gov,Male,2XL,71,,108.6,false,Male,Accounting,Somié
70,Cinda,Mockford,cmockford1x@typepad.com,Female,2XL,50,152.4,105.4,true,Male,Sales,Wilga
71,Jud,Pervoe,jpervoe1y@auda.org.au,Male,,62,170.3,99.7,,,Support,
72,Joell,Linnit,jlinnit1z@eepurl.com,Female,L,28,153.7,123.7,true,Male,Human Resources,Grzybowa Góra
73,Normy,Vassar,nvassar20@alexa.com,Male,M,74,160.3,196.3,false,Male,Accounting,Bagorejo
74,Gilberte,Seak,gseak21@hud.gov,Female,M,32,157.1,192.8,false,Male,Services,Pliska
75,Lorrayne,Yoslowitz,,Female,XL,71,163.4,99.2,false,Male,Sales,Baoping
76,Yevette,Vacher,yvacher23@jugem.jp,Female,XS,52,151.3,172.6,false,Male,Engineering,Lubbock
77,Cassaundra,Scase,cscase24@yandex.ru,Female,XL,23,173.1,55.7,true,,Business Development,Apače
78,Kerrie,Kayser,kkayser25@howstuffworks.com,Female,S,52,155.4,64.7,true,Male,Engineering,Karasgede
79,Sandor,Hover,shover26@meetup.com,Male,S,64,153.5,69.5,false,Male,Marketing,Tarczyn
80,Joannes,O' Reagan,joreagan27@ca.gov,Female,3XL,35,148.6,81.2,true,Female,Product Management,Barra Bonita
81,Northrup,Djekic,ndjekic28@sphinn.com,Male,S,59,178.9,189.1,false,Female,Human Resources,Frederiksberg
82,Cly,Simenon,,Male,XL,28,154.1,199.5,false,Male,Engineering,Ţahţā
83,Nial,Youthed,nyouthed2a@cisco.com,Male,,73,169.1,148.9,true,Female,Product Management,Bétérou
84,My,Ennew,,Male,XL,50,148.3,95.0,true,Male,Human Resources,Burtunay
85,Thorsten,Skitral,tskitral2c@smh.com.au,Male,XS,68,168.5,129.3,false,Female,Accounting,Taldom
86,Cammie,Mulqueeny,cmulqueeny2d@about.com,Female,3XL,21,156.9,169.6,false,Female,Human Resources,Takaoka
87,Fraser,Camerello,fcamerello2e@bing.com,Male,,33,165.9,124.9,false,Male,Marketing,Svojat
88,Andie,Tripet,atripet2f@amazon.de,Female,M,72,166.9,162.4,true,Male,Legal,Nuku‘alofa
89,Lydie,Norres,lnorres2g@example.com,Female,3XL,53,157.5,61.4,true,Female,Engineering,Sierra Imataca
90,Tisha,Marsham,tmarsham2h@shop-pro.jp,Female,XS,69,147.8,145.7,true,Female,Human Resources,Darungan
91,Anna,Maffia,amaffia2i@miitbeian.gov.cn,Female,M,48,167.0,141.4,true,Female,Accounting,Ambato
92,Alyson,,aklosser2j@vistaprint.com,Female,L,61,,116.8,true,Male,Marketing,Glasnevin
93,Guy,Bossel,gbossel2k@geocities.jp,Male,,54,148.3,128.8,false,Male,Sales,Benger
94,Ardyce,Hynard,ahynard2l@home.pl,Bigender,S,31,170.4,170.2,true,Female,Business Development,Shchelkovo
95,,Batthew,tbatthew2m@independent.co.uk,Genderqueer,S,44,167.4,131.8,true,Male,Training,Cedar Rapids
96,Roseanna,St. Quintin,rstquintin2n@livejournal.com,Female,L,24,174.7,199.0,true,Male,Support,São Tomé
97,Griswold,Tethacot,gtethacot2o@scribd.com,Male,M,55,169.1,48.3,,Female,Business Development,Guiset East
98,Pedro,Abrahamoff,,Genderfluid,XS,72,179.2,74.8,false,Male,Accounting,Shouxihu
99,Tory,Soan,,Female,XS,33,175.4,147.0,,Male,Human Resources,Bobai
100,Silas,Trussman,strussman2r@creativecommons.org,Polygender,S,40,166.6,,false,Female,Engineering,Huanggang
101,Monique,,msweynson2s@taobao.com,Female,S,64,154.6,157.3,true,Male,Human Resources,Bayanhoshuu
102,Boycie,Meir,bmeir2t@geocities.jp,Male,,23,150.2,84.6,true,Female,Product Management,Yanwan
103,Car,Pickover,,Male,3XL,50,160.3,164.1,true,Male,Engineering,
104,Tate,Dennis,tdennis2v@free.fr,Female,M,38,179.7,148.8,false,Female,Training,Margotuhu Kidul
105,Mahmoud,Blodget,mblodget2w@weebly.com,Male,XL,75,166.6,39.9,false,Male,Services,Damawato
106,Joann,Shenton,jshenton2x@dagondesign.com,Female,M,59,152.0,135.8,true,,Business Development,Bagan
107,Hyman,Brownfield,hbrownfield2y@linkedin.com,Male,M,22,148.9,111.8,false,Female,Support,San Isidro de Lules
108,,Dauney,rdauney2z@uol.com.br,Male,XL,75,151.8,197.9,true,Male,Marketing,Parchowo
109,Ely,Cubley,ecubley30@soundcloud.com,Male,2XL,26,155.8,141.4,,Female,Legal,Sukmoilang
110,Raymund,,rwoolager31@studiopress.com,Male,S,69,150.4,126.8,false,Female,Support,Arteche
111,Becky,Mossop,bmossop32@army.mil,Female,2XL,37,157.3,98.6,true,Female,Engineering,Xarsingma
112,Carce,Larratt,clarratt33@usnews.com,Male,2XL,68,171.7,58.8,false,Male,Sales,Xinzhan
113,Margalo,,mfilochov34@hc360.com,Female,XS,48,166.6,83.2,true,Male,Marketing,Uvarovo
114,Gretel,Deakin,gdeakin35@about.com,Female,XL,49,158.2,143.2,false,Male,Business Development,Banjar Kawan
115,Kittie,,kdomino36@lulu.com,Female,2XL,72,154.6,149.8,true,Male,Engineering,Ennery
116,Opal,Stirrip,ostirrip37@dot.gov,Genderfluid,,74,155.0,79.5,false,Male,Business Development,Crépy-en-Valois
117,Wyn,Silvers,wsilvers38@paypal.com,Male,,54,158.0,169.8,true,Male,Marketing,Abhar
118,Herculie,,hodom39@usnews.com,Male,2XL,57,170.3,64.5,false,Male,Research and Development,Pivka
119,,Foan,mfoan3a@dagondesign.com,Genderfluid,3XL,22,158.3,59.7,false,Female,Legal,Nanyuan
120,Morrie,Hanlon,mhanlon3b@sourceforge.net,Male,L,54,152.2,150.2,false,Male,Product Management,Changshan
121,,Early,searly3c@elpais.com,Male,M,39,167.0,86.3,true,Male,Accounting,Shimiaozi
122,Elita,Peschet,epeschet3d@ox.ac.uk,Female,2XL,25,159.0,62.6,true,Male,Research and Development,Luoqiao
123,Pattie,Pepperell,ppepperell3e@creativecommons.org,Female,3XL,45,160.3,103.8,true,,Support,Canutama
124,Marthena,Penman,mpenman3f@technorati.com,Female,2XL,35,149.2,103.3,false,Male,Sales,Venado Tuerto
125,Farris,Dukes,fdukes3g@example.com,Male,2XL,73,,148.7,false,Male,Services,Bang Kaeo
126,Sherilyn,Wilcinskis,swilcinskis3h@bbb.org,Female,XS,40,165.1,71.9,false,Female,Research and Development,Jilma
127,Mayer,Pavek,mpavek3i@amazon.co.jp,Male,3XL,39,159.2,155.6,false,Male,Sales,Hoit Taria
128,Sileas,Mathivet,smathivet3j@ifeng.com,Female,M,45,167.9,146.4,false,Female,Legal,Bezerros
129,Broddie,Guys,bguys3k@tamu.edu,Male,2XL,71,,131.7,false,Female,,Obudovac
130,Wilmette,O'Keenan,wokeenan3l@livejournal.com,Agender,XL,70,152.0,113.1,false,Male,Sales,Ladysmith
131,Caria,Malinson,cmalinson3m@php.net,Female,XS,74,173.6,92.4,true,Male,Accounting,Rueil-Malmaison
132,Craggy,Jacobovitch,cjacobovitch3n@seattletimes.com,Male,XL,33,177.4,124.8,false,Male,Product Management,Shangjin
133,Rodolph,Kenward,rkenward3o@chicagotribune.com,Male,XS,60,169.1,165.4,true,Male,Accounting,Barão de Cocais
134,Brnaby,Tatton,btatton3p@123-reg.co.uk,Genderqueer,XS,49,171.9,150.7,false,Male,,Gryaznovskoye
135,Neila,Thorby,,Female,S,54,155.0,74.1,true,Female,Business Development,Itatinga
136,Dur,O'Doghesty,dodoghesty3r@ucoz.ru,Male,XL,38,163.1,73.6,false,Male,Training,Kananya
137,,Playfoot,bplayfoot3s@state.gov,Female,M,39,173.7,138.0,true,Female,Marketing,Desa Nasol
138,Bernarr,,,Male,M,48,158.1,192.3,false,Male,Legal,Pagsabangan
139,Regine,Ingyon,ringyon3u@ibm.com,Female,S,61,151.1,63.1,true,Female,Accounting,Cihaur
140,Leila,Safhill,lsafhill3v@networksolutions.com,Female,,44,154.4,107.0,true,Male,Product Management,Fray Bentos
141,Easter,McWhirter,emcwhirter3w@ucoz.ru,Female,2XL,64,167.7,52.8,false,Female,Training,Zbýšov
142,Krishna,Goshawke,kgoshawke3x@liveinternet.ru,Male,XL,35,163.7,50.7,true,Female,Training,Varberg
143,Netta,Dobbie,ndobbie3y@google.de,Female,XL,50,153.8,154.2,true,Male,Legal,Strasbourg
144,Marlene,Medlar,mmedlar3z@cdc.gov,Female,S,56,172.0,46.7,false,Male,Accounting,Ishikari
145,Eldridge,Eadmead,eeadmead40@wisc.edu,Male,2XL,28,148.6,80.6,false,Female,Training,Dahedian
146,Bettye,Lorkings,,Female,XS,66,,88.0,true,Male,Sales,Kyaiklat
147,Dyanne,Coverlyn,dcoverlyn42@irs.gov,Female,S,51,158.3,89.0,true,Female,Sales,Santa Cruz
148,Willem,Peerman,wpeerman43@xrea.com,Male,XS,75,162.7,80.9,true,Male,Research and Development,Hechuan
149,Alysa,Banasik,abanasik44@mlb.com,Female,S,60,157.9,,false,Female,Sales,Almaznyy
150,Kala,Tregent,ktregent45@ameblo.jp,Female,2XL,58,172.7,131.9,true,Female,Training,Garahan
151,Dex,Bothbie,dbothbie46@desdev.cn,Male,XL,66,176.3,160.8,false,Male,Sales,Montceau-les-Mines
152,Gray,Minguet,gminguet47@eventbrite.com,Male,2XL,47,177.7,173.0,false,Male,Training,Tambakromo
153,,Leipelt,rleipelt48@virginia.edu,Male,XS,46,,89.0,false,Female,Legal,Imġarr
154,Stephi,Zuann,szuann49@nytimes.com,Female,S,20,172.4,69.9,false,,Sales,Askeaton
155,Silvia,Maltster,smaltster4a@phpbb.com,Female,XL,53,169.4,91.8,true,Male,Support,Frederiksberg
156,Hendrik,Ratlee,hratlee4b@unesco.org,Male,M,30,165.1,75.3,false,Male,Sales,Mariana
157,Kelby,,kenticott4c@intel.com,Male,,36,176.1,147.8,true,Male,Research and Development,Akure
158,Ambrosi,Becarra,abecarra4d@go.com,Genderqueer,XL,53,156.3,56.4,true,Female,Human Resources,Emiliano Zapata
159,Fanechka,Lowder,flowder4e@t-online.de,Female,3XL,67,163.7,85.7,true,Male,Support,Emiliano Zapata
160,Latrena,Gaskamp,lgaskamp4f@dailymail.co.uk,Female,XL,71,165.4,50.9,true,Female,Legal,Goussainville
161,Teressa,Mager,tmager4g@usnews.com,Female,XL,50,168.9,136.8,true,Male,Research and Development,Shenglilu
162,Xerxes,Wimes,,Male,,27,165.5,76.8,true,Female,Engineering,Golynki
163,Lucine,Diehn,ldiehn4i@woothemes.com,Female,L,45,180.0,199.0,false,Female,Training,"Palmas De Gran Canaria, Las"
164,,,,Male,,67,161.9,59.7,false,Male,Accounting,Malati
165,Kaila,Mapledorum,kmapledorum4k@jalbum.net,Bigender,,41,149.8,,false,Female,Marketing,Jeziorzany
166,Ellery,Bilbey,ebilbey4l@hostgator.com,Bigender,M,59,155.8,74.3,true,Male,Support,Itupeva
167,Vlad,Tzuker,vtzuker4m@angelfire.com,Male,L,55,150.2,140.5,true,Male,Product Management,Laurel
168,Hieronymus,McGarry,hmcgarry4n@bbb.org,Male,XL,41,149.5,60.1,true,Female,,Aminga
169,Rickey,Sellan,rsellan4o@bbc.co.uk,Polygender,2XL,57,166.6,184.0,true,Male,Business Development,Mtwara
170,Donaugh,,dkhristoforov4p@networkadvertising.org,Male,3XL,40,173.1,195.1,,,Business Development,He’an
171,Chevy,Vasyatkin,cvasyatkin4q@addthis.com,Non-binary,M,43,,118.4,false,Female,Support,Kansas City
172,Jessa,Ciottoi,jciottoi4r@army.mil,Female,3XL,23,171.1,45.7,false,Female,Engineering,Baborów
173,Stephi,Edkins,sedkins4s@163.com,Female,3XL,69,178.8,45.9,false,Male,Training,Charras
174,Rabbi,North,rnorth4t@tinypic.com,Male,2XL,67,167.5,104.0,false,Female,Support,Oslo
175,Emylee,Carmo,ecarmo4u@squarespace.com,Female,L,55,153.2,121.9,false,Male,,Riah
176,Katrina,Dignall,kdignall4v@ucoz.com,Female,M,30,164.9,79.1,false,Female,Marketing,Capira
177,Kristofor,Domleo,kdomleo4w@loc.gov,Male,L,70,169.3,115.0,true,Female,Legal,Ban Houakhoua
178,Keith,Dyer,kdyer4x@arizona.edu,Male,2XL,33,153.3,137.7,false,Female,Services,Nāgarpur
179,Lilli,Dabney,ldabney4y@cloudflare.com,Female,M,64,151.0,189.1,false,Male,Marketing,Situ
180,Erastus,Lammas,elammas4z@si.edu,Male,L,45,177.6,189.0,false,Female,Sales,Jazovo
181,Sabina,Batterton,sbatterton50@com.com,Female,3XL,51,156.8,136.6,false,Male,Research and Development,Wilkes Barre
182,Elwin,Carryer,ecarryer51@cnet.com,Male,,57,150.1,89.6,false,Female,Support,Shagedu
183,Phelia,Vasyutochkin,pvasyutochkin52@nature.com,Female,2XL,24,155.5,57.4,true,Male,Human Resources,Paranaíba
184,Shay,Carnegy,scarnegy53@google.it,Male,3XL,72,152.6,172.5,true,Male,Human Resources,Sanchahe
185,Normy,Pietrusiak,npietrusiak54@joomla.org,Male,3XL,37,166.5,178.5,false,Female,Sales,Bouças
186,,Deboick,jdeboick55@businessinsider.com,Agender,2XL,32,,180.0,true,Male,Marketing,Dayuan
187,Jaime,Glauber,jglauber56@elpais.com,Male,XS,41,158.3,97.3,true,Female,Marketing,Si Khoraphum
188,Carlye,Chatelet,cchatelet57@technorati.com,Female,2XL,47,163.5,41.7,true,Female,Legal,Pledo
189,Marve,Yurasov,myurasov58@mlb.com,Male,,39,173.8,177.0,true,Male,Support,Rājo Khanāni
190,Welsh,Crottagh,wcrottagh59@nifty.com,Male,S,66,172.2,123.7,true,Female,Training,Zwolle
191,Rochester,Waycott,rwaycott5a@go.com,Genderfluid,,24,176.8,39.7,,Male,Accounting,Lenningen
192,Mead,Ormston,mormston5b@china.com.cn,Female,XS,47,163.6,77.5,true,Female,Training,Francistown
193,Cindie,Brisse,cbrisse5c@t.co,Female,XL,54,179.9,117.5,true,Male,Training,Wucun
194,Morgan,Esberger,mesberger5d@nih.gov,Male,,66,153.5,170.8,true,Male,Marketing,Tirapata
195,Forrest,Fittis,ffittis5e@hubpages.com,Male,XS,59,150.5,195.5,false,Male,Accounting,Béoumi
196,Felicdad,Apdell,fapdell5f@shutterfly.com,Female,XL,30,172.6,81.2,false,Female,Research and Development,Nariño
197,Hieronymus,,hpagelsen5g@apple.com,Male,M,68,164.3,90.1,true,Female,Business Development,Kiili
198,Efren,Chipchase,echipchase5h@washingtonpost.com,Male,S,61,161.7,98.6,false,Male,Services,Lumijoki
199,Ardenia,,awickstead5i@blinklist.com,Female,2XL,40,153.6,,true,Male,Product Management,Upper San Mateo
200,Alicia,,aminichi5j@businessinsider.com,Female,S,57,153.3,93.9,true,Female,Business Development,Kamyzyak
201,Mirilla,,mlangland5k@skype.com,Bigender,M,22,153.6,143.8,true,Female,Services,As Saddah
202,Kasey,Henriques,khenriques5l@utexas.edu,Female,L,31,151.5,151.7,false,Male,Support,Boston
203,Madel,Dobeson,,Female,S,49,163.1,160.0,false,Male,Sales,Vargem Grande
204,Rosabella,Burston,rburston5n@tripadvisor.com,Female,L,24,174.5,93.7,true,Male,Services,Dolní Počernice
205,Zeke,Blaszczyk,zblaszczyk5o@t.co,Male,L,61,171.7,47.4,false,Female,Support,Ibarra
206,Meta,Mardall,mmardall5p@cam.ac.uk,Polygender,XL,62,179.5,136.7,false,,Support,Sewon
207,Hyacintha,Skillitt,hskillitt5q@soundcloud.com,Female,M,23,149.8,91.9,false,Male,Sales,Lowotukan
208,Constantia,Tummond,ctummond5r@weather.com,Female,XS,59,171.6,190.5,true,Female,Support,Heba
209,George,Cobbe,gcobbe5s@goodreads.com,Female,S,35,165.8,,false,Male,Accounting,Benisheikh
210,Alexander,Troutbeck,atroutbeck5t@g.co,Male,S,44,176.4,134.2,false,,Product Management,Tygda
211,Ingra,Bills,ibills5u@dell.com,Male,,24,161.7,174.7,false,Male,Research and Development,Baoshui
212,Velma,Mc Meekan,vmcmeekan5v@g.co,Female,XL,47,152.6,53.2,false,Female,Human Resources,Pittsburgh
213,Cleon,O'Reilly,coreilly5w@hhs.gov,Male,M,41,149.3,187.8,true,Female,Product Management,Mölndal
214,Sumner,Cocci,scocci5x@cloudflare.com,Male,XS,43,176.4,40.6,false,Male,Services,Ilopango
215,Elvis,Plastow,eplastow5y@unicef.org,Agender,3XL,20,147.7,66.7,true,Female,Support,Montceau-les-Mines
216,Deana,Heisler,dheisler5z@purevolume.com,Agender,S,21,153.5,182.8,true,Female,Research and Development,
217,Jacklyn,Gavriel,jgavriel60@walmart.com,Non-binary,XL,57,179.1,45.2,true,Male,Human Resources,
218,Brear,Tackett,btackett61@blinklist.com,Female,L,35,150.6,57.4,false,Female,Engineering,Lubukgadang
219,Kurtis,Oxtaby,koxtaby62@photobucket.com,Male,3XL,36,154.1,95.6,true,Female,Engineering,Beidu
220,Hamel,Hanlin,hhanlin63@businesswire.com,Non-binary,3XL,35,172.3,134.0,true,Female,Business Development,Bradashesh
221,Ashil,Daish,adaish64@cdc.gov,Female,,71,165.7,53.6,true,,Training,Caringin Lor
222,Tandie,Imlaw,timlaw65@ycombinator.com,Female,L,37,167.0,127.1,true,Female,Legal,Sulūk
223,Elianora,Jeffrey,ejeffrey66@springer.com,Female,3XL,32,163.7,97.5,false,Female,Product Management,Ban Haet
224,Trumann,Neames,tneames67@joomla.org,Male,S,60,150.9,86.6,true,Male,Legal,Ertai
225,Xavier,MacCaughey,xmaccaughey68@studiopress.com,Male,2XL,30,163.5,98.1,true,Female,Human Resources,Aranas Sur
226,Birk,Tewkesberry,btewkesberry69@webs.com,Male,S,67,148.4,62.8,true,Male,Training,Shal’skiy
227,Korry,Parsall,kparsall6a@java.com,Bigender,XS,50,176.1,126.8,true,Female,Training,Brumado
228,Win,Linck,wlinck6b@multiply.com,Male,M,28,166.9,171.5,false,Female,Legal,
229,Sheffie,Walaron,swalaron6c@about.com,Male,3XL,27,154.3,138.8,true,Female,Training,Cibeureum
230,Filide,Callf,fcallf6d@nifty.com,Female,L,72,165.5,171.0,true,Male,Training,Fryazino
231,Curran,Dovidaitis,cdovidaitis6e@wufoo.com,Male,L,28,149.2,182.2,true,Female,Human Resources,Loo
232,Egor,Cumberland,ecumberland6f@zimbio.com,Male,XL,67,161.7,51.8,true,Male,Legal,Zhoukou
233,Ardyce,,avaines6g@nhs.uk,Non-binary,,26,178.5,108.0,false,Male,Training,Kęsowo
234,Staffard,Cuttings,scuttings6h@ft.com,Male,2XL,43,163.4,59.5,false,,Training,Pļaviņas
235,Gwenni,Sydall,gsydall6i@biblegateway.com,Genderqueer,S,62,153.4,84.9,,Male,Services,Arbuzynka
236,Lewiss,Fairhall,lfairhall6j@unesco.org,Male,2XL,66,167.2,146.0,true,Female,Accounting,Chajarí
237,Annette,Ebbutt,aebbutt6k@sciencedaily.com,Female,,46,156.3,99.7,,Male,Accounting,Souto
238,Alec,Tommasi,atommasi6l@bloomberg.com,Polygender,2XL,21,168.8,80.6,false,Male,Support,Matinao
239,Mehetabel,Copner,mcopner6m@zdnet.com,Female,S,50,167.9,87.8,false,Male,Services,Mozhaysk
240,Rickey,Skipsea,rskipsea6n@telegraph.co.uk,Male,M,23,177.5,47.0,false,Female,Legal,Vnukovo
241,Meaghan,Fielders,mfielders6o@ed.gov,Female,XL,58,177.0,129.0,true,Male,Training,Kanchanaburi
242,Stanislaw,De Caville,,Male,S,71,172.1,46.4,false,Male,Sales,Ballitoville
243,Gerta,,ghammarberg6q@wikipedia.org,Genderqueer,XL,69,149.0,155.4,false,Female,Sales,Tecka
244,Rivy,Lidington,rlidington6r@unicef.org,Female,L,73,150.3,123.9,true,Male,Product Management,Trollhättan
245,Camilla,Hasslocher,chasslocher6s@va.gov,Female,2XL,36,155.8,173.6,,Male,Support,Alunda
246,Willow,Tod,wtod6t@goodreads.com,Female,2XL,25,,186.8,false,Female,Accounting,Thymianá
247,Barby,ffrench Beytagh,bffrenchbeytagh6u@fastcompany.com,Female,3XL,58,,95.2,true,,Training,Camilo Aldao
248,Alexia,Levy,alevy6v@webs.com,Female,XS,34,149.7,122.7,true,Male,Legal,Mazkeret Batya
249,Roldan,Carryer,rcarryer6w@nyu.edu,Male,L,45,158.2,41.9,true,Female,Legal,Amiens
250,Bee,Gilbody,bgilbody6x@reference.com,Female,L,23,176.8,102.1,false,Male,Business Development,København
251,Parnell,Antonin,pantonin6y@hatena.ne.jp,Male,XL,22,159.8,174.7,true,Male,Research and Development,Ngurore
252,Hans,Colquit,hcolquit6z@yellowpages.com,Male,XS,34,174.4,54.3,true,Male,Training,Guadalupe
253,Cesar,Kinkaid,ckinkaid70@sciencedirect.com,Male,M,61,177.4,73.7,false,Male,Business Development,Kathu
254,Danny,Balloch,dballoch71@gmpg.org,Male,XL,46,147.7,43.1,true,Female,Legal,Reutlingen
255,Marshall,Sergeant,msergeant72@fotki.com,Male,XL,56,170.3,149.3,true,Female,Legal,Lijiang
256,,Longfield,elongfield73@newyorker.com,Female,XL,22,,75.9,false,Female,Legal,Halmstad
257,,Gallatly,mgallatly74@reverbnation.com,Female,M,29,166.9,96.2,false,Male,Support,Karlivka
258,Shea,Brickhill,,Male,,47,167.2,67.1,true,Female,Support,Palmas
259,Marcille,Yerrington,myerrington76@photobucket.com,Female,,75,150.2,80.4,false,Male,Legal,Hengpi
260,Floyd,Swyer,fswyer77@woothemes.com,Male,M,25,161.3,58.8,,Female,Services,Latowicz
261,Velvet,Leatherborrow,vleatherborrow78@histats.com,Female,XL,39,170.4,72.8,false,Male,Engineering,Reykjanesbær
262,Marco,Bruce,mbruce79@princeton.edu,Male,M,71,177.7,95.2,true,Female,Engineering,Almelo
263,Pebrook,McOrkil,pmcorkil7a@ftc.gov,Male,M,21,147.3,145.0,true,Female,Accounting,Blama
264,Devlen,Foster-Smith,dfostersmith7b@time.com,Male,S,69,178.9,53.2,false,Male,Accounting,Kyzyldzhar
265,Irv,O' Markey,iomarkey7c@sourceforge.net,Male,XL,43,158.0,191.3,true,Male,Training,Cleveland
266,Christiane,Skermer,cskermer7d@usda.gov,Female,S,20,149.7,147.4,true,Male,Accounting,Zangzhai
267,Domingo,Byer,dbyer7e@sphinn.com,Male,XS,46,155.4,42.1,true,Male,Marketing,Hongping
268,Wilie,Lawlance,wlawlance7f@g.co,Female,L,47,155.9,129.9,false,Male,Business Development,Hāgere Hiywet
269,,Bealton,rbealton7g@furl.net,Female,S,22,162.1,109.0,false,Male,Research and Development,Hanting
270,Dale,Syseland,dsyseland7h@artisteer.com,Female,,42,152.1,129.7,true,Female,Services,Solčava
271,Faun,Sabben,fsabben7i@shareasale.com,Female,S,28,149.0,98.6,false,Male,Marketing,Kanluran
272,Kellen,Fishe,kfishe7j@webnode.com,Male,XS,57,153.6,152.6,false,Female,Sales,Nürnberg
273,Doralynne,Scrancher,dscrancher7k@amazon.co.jp,Female,XL,30,178.1,191.8,false,Female,Business Development,Nanton
274,Ariadne,Bottinelli,abottinelli7l@independent.co.uk,Female,,39,179.2,191.7,true,Male,Accounting,Waiwukak
275,Bev,Delucia,bdelucia7m@webs.com,Male,XS,66,151.6,100.7,true,Female,Research and Development,Banag
276,Marthena,Noice,mnoice7n@woothemes.com,Female,2XL,73,,112.1,true,Male,Engineering,Dimiao
277,Worden,Adrienne,wadrienne7o@dailymail.co.uk,Male,2XL,37,157.8,99.6,true,Male,Engineering,Yahotyn
278,Archibald,Exall,aexall7p@google.es,Male,S,31,154.8,154.1,false,Male,Legal,Tubod
279,Stephanus,Crossthwaite,scrossthwaite7q@whitehouse.gov,Male,2XL,48,159.2,104.8,false,,Marketing,Perehonivka
280,Alessandro,Meaddowcroft,ameaddowcroft7r@elpais.com,Male,S,54,164.2,151.0,false,Male,Product Management,Nogent-le-Rotrou
281,Jerrilyn,Raymond,jraymond7s@amazon.com,Female,2XL,70,161.2,132.9,false,Male,Training,Mengxingzhuang
282,Guinna,Mott,,Female,2XL,57,151.0,140.2,true,Female,Product Management,Panolan
283,Janella,Chicchelli,jchicchelli7u@seattletimes.com,Female,XL,38,167.7,,true,Female,Support,Verona
284,Wilt,Stiller,wstiller7v@barnesandnoble.com,Male,XS,36,176.3,148.4,true,Female,Engineering,Buan
285,Maxi,Parmenter,mparmenter7w@latimes.com,Non-binary,3XL,58,155.7,195.3,true,Female,Product Management,Chejiazhuang
286,Vergil,Wank,vwank7x@friendfeed.com,Male,,21,167.0,,true,Male,Services,Huzhuang
287,Terry,,tlilliman7y@salon.com,Female,L,40,168.3,168.0,true,Female,Support,
288,Andria,Measor,ameasor7z@about.com,Female,XS,27,153.9,172.4,,Female,Business Development,Washington
289,Hendrik,Dell Casa,hdellcasa80@exblog.jp,Polygender,XS,36,179.0,148.0,true,Male,Accounting,Hénin-Beaumont
290,Dale,Nunan,dnunan81@icio.us,Male,M,70,179.7,137.5,false,Male,Business Development,Sasayama
291,Shandie,Foat,sfoat82@163.com,Female,M,59,158.6,,true,Female,Training,Pirok
292,Hermia,Brikner,hbrikner83@sbwire.com,Female,L,40,168.2,163.3,,Male,Product Management,Jardim da Serra
293,Dyanne,Earey,dearey84@youku.com,Female,L,71,158.4,117.3,false,Female,Sales,Padre Las Casas
294,Titos,Buttner,tbuttner85@linkedin.com,Male,3XL,58,154.7,67.7,false,Male,Business Development,
295,Thia,Boutell,,Female,3XL,57,158.9,162.9,true,Male,Training,Växjö
296,Myrvyn,Fillon,mfillon87@histats.com,Male,XL,43,,143.9,true,Female,Research and Development,San Juan
297,Dedie,Rosenfarb,drosenfarb88@mozilla.org,Female,,51,174.4,60.0,,Male,Business Development,Chojna
298,Belva,Lawrence,blawrence89@booking.com,Female,,65,166.3,167.3,false,Female,Marketing,Apatin
299,Patience,Fortoun,pfortoun8a@infoseek.co.jp,Female,M,66,,134.8,,Female,Product Management,
300,Roley,Jacobson,rjacobson8b@reference.com,Male,XS,45,164.2,186.8,false,Female,Business Development,Ciherang
301,Thaddeus,Lant,tlant8c@stumbleupon.com,Male,S,27,148.7,65.5,false,Male,Research and Development,Shchukino
302,Samson,Tison,stison8d@oakley.com,Male,XS,55,164.2,96.3,false,Female,Product Management,Galutu
303,Frazier,Hradsky,fhradsky8e@discuz.net,Male,L,38,177.9,81.2,true,Male,Marketing,Dzięgielów
304,Danell,Newdick,dnewdick8f@reverbnation.com,Female,2XL,44,168.8,41.3,true,Female,Support,Höganäs
305,Ingemar,Straker,istraker8g@columbia.edu,Male,XS,38,149.9,197.8,true,,Support,Księżpol
306,Annora,Prime,aprime8h@google.com.br,Female,2XL,63,178.5,191.7,true,Female,Marketing,Yamaga
307,Muhammad,Greathead,mgreathead8i@redcross.org,Male,M,36,169.0,93.0,,Female,Marketing,Novais
308,,Loach,kloach8j@reverbnation.com,Female,,34,161.1,77.5,true,Male,Training,Pananaw
309,Thayne,Garment,tgarment8k@answers.com,Male,XS,74,165.8,169.3,true,Female,Legal,Phalaborwa
310,Morey,Schiersch,mschiersch8l@cocolog-nifty.com,Male,XL,74,170.2,185.9,false,Female,Legal,Perlez
311,Cinda,Sparling,csparling8m@indiatimes.com,Female,,71,165.2,195.4,false,Male,Product Management,Trenton
312,Astra,Edmett,aedmett8n@marketwatch.com,Bigender,XS,22,170.6,160.7,true,Female,Research and Development,Sangalhos
313,Claresta,Sharphouse,,Female,2XL,40,149.4,78.7,false,Male,Product Management,Borda da Mata
314,Travus,Poinsett,tpoinsett8p@purevolume.com,Male,S,51,157.6,81.6,true,Male,,Banqiao
315,Jorie,Andrewartha,jandrewartha8q@ning.com,Female,M,39,150.0,177.1,true,Female,Research and Development,Zigong
316,Cyb,Beller,cbeller8r@people.com.cn,Female,XL,39,150.1,127.6,false,Female,Training,Cincinnati
317,Salvidor,Kelway,skelway8s@yelp.com,Male,L,23,178.3,89.1,false,Male,Accounting,Artur Nogueira
318,,Farryn,pfarryn8t@is.gd,Female,S,44,169.3,149.0,true,Male,Human Resources,Gayam
319,,Beckitt,rbeckitt8u@1und1.de,Female,S,48,172.9,54.6,false,Male,Sales,Shorapani
320,Blanche,,branstead8v@senate.gov,Female,XL,60,175.3,123.2,true,Male,Engineering,Ambohitseheno
321,Trenton,Fenton,tfenton8w@microsoft.com,Genderfluid,2XL,65,154.3,125.1,false,Male,Training,Haarlem
322,Ellyn,,eimlach8x@google.es,Female,2XL,43,179.4,102.8,true,Male,Support,Daşoguz
323,Laughton,Petlyura,lpetlyura8y@disqus.com,Male,,21,174.8,153.4,false,,Training,Olafulihaa
324,Ingrim,Kybert,ikybert8z@aol.com,Male,3XL,42,171.8,126.9,false,Male,Sales,Booterstown
325,Cobby,Wiffen,cwiffen90@baidu.com,Male,,32,175.3,92.5,true,Male,Research and Development,
326,Domeniga,Sivills,dsivills91@cornell.edu,Female,XS,56,171.9,147.5,true,Male,Business Development,Gavea
327,Valaree,Blaby,vblaby92@diigo.com,Female,,50,153.9,127.3,true,Female,Engineering,Shiyaogou
328,Pryce,Sirman,psirman93@squidoo.com,Male,3XL,54,152.1,,true,Female,Human Resources,Cái Nhum
329,Bastian,Forsdike,bforsdike94@hibu.com,Male,2XL,39,158.8,138.9,true,Female,Accounting,Gorki Vtoryye
330,Nikaniki,Ancliff,nancliff95@bigcartel.com,Female,S,48,159.9,124.7,true,Female,Human Resources,Memphis
331,Ches,Scuffham,cscuffham96@vinaora.com,Male,XL,23,158.5,68.7,false,Male,Research and Development,Borovlyany
332,Marisa,Sporle,msporle97@independent.co.uk,Female,L,58,159.5,,true,Male,Human Resources,Arujá
333,,Newvell,,Female,2XL,75,160.8,75.5,true,Female,Support,Miguel Hidalgo
334,Finlay,Chelam,fchelam99@gmpg.org,Male,L,26,173.3,172.6,true,Female,Support,Enonkoski
335,Gal,Leile,gleile9a@smugmug.com,Male,2XL,20,152.2,49.2,false,Female,,Kayima
336,Ellen,Boydle,eboydle9b@a8.net,Female,2XL,41,153.6,47.2,true,Male,Human Resources,
337,Gareth,Careswell,gcareswell9c@flickr.com,Male,,45,152.5,85.2,true,Female,Support,Magbay
338,Joyous,Pealing,jpealing9d@technorati.com,Female,M,43,153.8,141.3,true,Male,Engineering,Tëploye
339,Gael,Monkleigh,gmonkleigh9e@mit.edu,Male,2XL,39,162.6,94.3,true,Female,Support,Zaymishche
340,Ansley,Petrasso,apetrasso9f@i2i.jp,Female,M,25,160.8,88.9,true,Male,Support,Cipatat
341,Ellynn,Monsey,emonsey9g@geocities.com,Female,2XL,24,147.4,139.4,false,Female,Engineering,Aitape
342,Vanda,Stienham,vstienham9h@upenn.edu,Female,3XL,42,174.8,155.3,false,Male,Research and Development,Kulautuva
343,Carson,Humbles,chumbles9i@auda.org.au,Male,M,55,160.1,134.3,false,Female,Research and Development,Huangludian
344,,Hast,khast9j@prlog.org,Female,3XL,20,168.3,120.2,true,Male,Business Development,Cipinang
345,Austina,Bruineman,abruineman9k@xing.com,Female,XS,38,171.6,190.4,true,Male,Training,Tekeli
346,Robbert,Toffoloni,,Male,M,39,162.2,88.4,false,Male,Human Resources,Wuhu
347,Joana,Della Scala,jdellascala9m@cpanel.net,Female,XS,33,150.8,170.3,true,Male,Services,Tonghu
348,Darla,Zanetello,dzanetello9n@vinaora.com,Female,L,20,159.6,157.9,true,Female,Marketing,Cacoal
349,Herbie,Bourchier,hbourchier9o@dropbox.com,Male,S,70,162.6,152.6,true,Female,Product Management,Pérama
350,Lissy,Noon,lnoon9p@pbs.org,Female,L,53,156.2,,false,Female,Accounting,Peuhaq
351,Celisse,Kittredge,ckittredge9q@paypal.com,Female,S,41,169.6,74.2,true,Male,Services,Shiyun
352,,Zanetello,,Female,2XL,24,163.3,144.8,true,Male,Sales,Jimaguayú
353,Leontine,,lgiorgietto9s@is.gd,Female,S,23,155.1,,true,Female,Legal,Jiuting
354,Thatch,Piddick,tpiddick9t@psu.edu,Male,3XL,48,151.3,115.8,true,Male,Legal,Ararat
355,Edith,McPhilemy,emcphilemy9u@sogou.com,Female,2XL,64,158.0,88.8,true,Female,Legal,Mikhaylovskoye
356,Joshuah,Maddock,,Male,3XL,32,153.3,170.3,false,Male,Services,Quxi
357,Katerine,Banaszkiewicz,kbanaszkiewicz9w@hostgator.com,Female,XL,67,163.1,72.4,false,Female,Sales,Waco
358,Edlin,McIlmorie,emcilmorie9x@github.com,Genderfluid,L,67,163.4,137.4,false,Female,Services,Providence
359,Ethyl,Plowell,eplowell9y@umn.edu,Female,2XL,20,158.2,136.7,true,Female,Legal,Shuinan
360,Alfonse,Hardeman,ahardeman9z@theatlantic.com,Male,XL,40,163.0,198.3,false,Female,Legal,Kudusan
361,Jakob,McBrady,jmcbradya0@go.com,Male,M,71,178.7,180.3,true,Male,Marketing,Ujiie
362,Pooh,Cowing,pcowinga1@archive.org,Male,2XL,21,174.6,193.0,true,Male,Accounting,Stockholm
363,Twyla,Baddow,tbaddowa2@google.it,Female,XS,36,162.1,167.3,false,Male,Engineering,Belmopan
364,Thorin,Barbery,tbarberya3@eepurl.com,Male,XL,61,166.0,83.8,false,Female,Sales,Kromasan
365,Aldrich,Setter,asettera4@google.nl,Male,M,71,150.6,156.3,false,Female,Training,Khasht’arrak
366,Roda,Catcheside,rcatchesidea5@usa.gov,Female,XL,30,159.4,194.6,false,Female,Engineering,Lyasny
367,Kelly,Monni,kmonnia6@cdc.gov,Female,L,30,157.4,116.8,,Female,Training,Gaotang
368,Amberly,Comiskey,acomiskeya7@behance.net,Female,S,56,164.9,102.7,false,Male,Product Management,Cibetung Dua
369,Gregory,Shadrack,gshadracka8@bbb.org,Male,2XL,45,147.8,146.4,true,Male,Research and Development,La Curva
370,Rubetta,Woof,rwoofa9@smh.com.au,Female,XL,32,151.2,104.7,true,Male,Research and Development,Rudnya
371,Orv,Fruchter,ofruchteraa@technorati.com,Male,M,58,179.5,138.7,false,Female,Research and Development,Sukodono
372,Briggs,,bsyddieab@scribd.com,Agender,3XL,43,152.7,56.1,true,Male,Business Development,Thiès Nones
373,,Samuel,,Female,XL,36,159.1,54.9,false,,Sales,Abuja
374,Johan,Ringham,jringhamad@ifeng.com,Male,M,71,163.5,61.6,,Female,Legal,Houzhen
375,Charyl,Bridger,cbridgerae@bbc.co.uk,Polygender,M,60,151.1,169.1,false,Female,Research and Development,Jikamshi
376,Wendell,Pick,wpickaf@tripadvisor.com,Male,XL,23,171.1,199.9,true,Female,Training,Botevgrad
377,Barbee,Pointin,bpointinag@nba.com,Female,XS,74,156.5,78.3,true,Female,Services,Port-aux-Français
378,Ania,Sprigging,aspriggingah@statcounter.com,Female,S,69,170.0,113.8,true,Female,Legal,Hongwei
379,Leandra,Ouldcott,louldcottai@i2i.jp,Female,XL,38,147.3,130.3,false,Female,Business Development,Irákleion
380,Antonin,Limprecht,alimprechtaj@webnode.com,Male,XS,57,160.0,104.4,false,Male,Engineering,Īlām
381,Liam,Wisden,lwisdenak@e-recht24.de,Male,XS,25,165.0,49.9,true,Male,Support,Severoural’sk
382,Skip,Hanbury,shanburyal@reverbnation.com,Male,XS,58,161.0,112.2,false,Female,Legal,Al Qāmishlī
383,Jermain,,jsegoam@smugmug.com,Male,XL,71,156.3,172.6,false,Male,Training,São Fidélis
384,Gavin,Hacquel,,Male,3XL,69,161.2,80.0,true,Female,Marketing,Haicheng
385,Arlene,Erangy,aerangyao@oaic.gov.au,Female,XL,25,157.4,137.0,,Female,Product Management,Geta
386,Ezequiel,Kenwin,ekenwinap@webeden.co.uk,Male,L,41,,155.6,false,Male,Engineering,Iligan City
387,Wendye,Van der Mark,wvandermarkaq@accuweather.com,Female,3XL,64,167.7,170.7,false,Female,Engineering,Senekal
388,Gilemette,Srutton,gsruttonar@dailymail.co.uk,Female,S,46,171.7,57.7,true,Female,Research and Development,Baiquesi
389,Clem,Ethridge,cethridgeas@free.fr,Female,L,54,150.7,97.4,false,Male,Research and Development,Astromil
390,Aluino,Bridgett,abridgettat@mayoclinic.com,Male,L,46,152.4,84.9,true,Male,,Enhe Hada
391,Shanda,Sinncock,ssinncockau@hexun.com,Female,,51,,123.2,true,Female,Sales,Pederneiras
392,Cammie,Camp,ccampav@merriam-webster.com,Female,XL,63,157.8,136.9,false,Female,Training,Salimbao
393,Sergio,,sfinckenaw@rakuten.co.jp,Male,3XL,45,169.7,119.9,true,Female,Business Development,Manila
394,Dare,Rosenboim,drosenboimax@printfriendly.com,Male,XS,28,156.5,189.6,true,Male,,San Marcos
395,Ive,,ikerfoday@xinhuanet.com,Male,XS,75,156.6,137.5,true,Female,Human Resources,Shuangmiao
396,Sherm,Pogosian,spogosianaz@hubpages.com,Male,XS,73,149.8,114.3,true,Male,Research and Development,San Vicente
397,Jobie,Lawling,jlawlingb0@hud.gov,Female,S,54,,85.1,true,Female,Support,La Aurora
398,Maybelle,Drewett,,Female,3XL,41,165.4,199.5,false,Female,Accounting,Catu
399,Emelda,Challiner,echallinerb2@miitbeian.gov.cn,Bigender,,28,174.5,51.8,false,Male,Support,Langkap
400,Torrie,Vanyakin,tvanyakinb3@ihg.com,Female,XS,69,161.6,136.0,true,Female,Accounting,Nueva Fuerza
401,Sybille,O'Sheils,sosheilsb4@ycombinator.com,Female,M,60,,196.8,false,Female,Services,Xuanhua
402,Hildegaard,Napleton,hnapletonb5@webmd.com,Female,XS,27,176.1,134.1,false,Male,Training,As Samawah
403,Ashley,Joannidi,ajoannidib6@goodreads.com,Male,3XL,22,150.0,178.2,,Male,Marketing,Oepula
404,Callie,Heady,cheadyb7@de.vu,Female,M,35,153.8,186.7,false,Female,Support,Guhuai
405,Rodie,Shaplin,rshaplinb8@biglobe.ne.jp,Female,3XL,70,150.1,145.1,false,Male,Services,Xigebi
406,Abner,Frederick,afrederickb9@naver.com,Polygender,S,62,154.9,135.4,true,Male,Accounting,Bulasa
407,Shirl,Wrighton,swrightonba@amazon.de,Female,XL,60,162.8,68.8,true,Female,Support,Mnichovo Hradiště
408,Siegfried,Mathewson,smathewsonbb@oracle.com,Male,L,68,159.4,192.6,true,Female,Training,Ganjaran
409,Chandler,Dorning,cdorningbc@latimes.com,Male,L,40,151.3,139.5,false,Female,Support,Gandorhun
410,Hussein,Rivilis,hrivilisbd@nsw.gov.au,Male,2XL,38,149.2,183.8,,Male,,Borodinskiy
411,Cammy,Gronou,cgronoube@abc.net.au,Female,2XL,50,176.4,76.1,true,Male,Research and Development,Machico
412,Berton,Gullberg,bgullbergbf@mit.edu,Male,M,41,150.4,132.0,true,Male,Sales,Otyń
413,Verna,Longforth,vlongforthbg@webmd.com,Female,S,33,157.8,156.6,,Female,Legal,Keetmanshoop
414,Eula,Muslim,emuslimbh@thetimes.co.uk,Female,XL,29,174.6,113.3,false,Male,Services,Qingyun
415,Dedra,Boyat,dboyatbi@amazon.de,Female,M,64,179.0,183.7,false,Female,Business Development,Tharyarwady
416,Ola,Edling,oedlingbj@spiegel.de,Female,,38,150.0,56.7,false,Female,Research and Development,
417,,Beiderbecke,hbeiderbeckebk@topsy.com,Female,M,73,165.8,157.9,false,Male,Engineering,Barentu
418,Jeremy,Masselin,jmasselinbl@ftc.gov,Male,S,27,171.0,137.9,false,Male,Accounting,Payao
419,Rodd,Bleacher,rbleacherbm@skype.com,Male,2XL,73,179.0,,false,Male,Product Management,Yuetang
420,Geneva,Ibbeson,gibbesonbn@earthlink.net,Female,XL,55,179.8,139.5,true,Female,Engineering,Berëzovskiy
421,Cyndie,Balas,cbalasbo@arstechnica.com,Female,XS,27,151.0,79.5,false,Male,Business Development,Mlaka pri Kranju
422,Petronille,Grady,pgradybp@virginia.edu,Female,3XL,59,165.3,75.9,true,Male,Research and Development,San José de Bocay
423,Harrison,Larner,hlarnerbq@mac.com,Male,L,71,152.8,192.6,true,Male,Services,Villazón
424,Hinda,,hdundridgebr@studiopress.com,Female,2XL,31,153.3,64.7,false,Female,Legal,Couva
425,Neil,Wooffinden,nwooffindenbs@digg.com,Male,M,30,156.9,177.0,true,,Legal,Vysokovsk
426,Paquito,Prandin,,Male,S,52,147.6,190.2,true,Male,Training,Uherce Mineralne
427,Kylen,Ahern,kahernbu@cornell.edu,Female,,62,149.4,93.8,true,Male,Human Resources,Pajoreja
428,Karin,,kcahalinbv@dell.com,Female,L,52,154.8,121.4,false,Male,Engineering,Portela
429,Rudiger,,rdevillebw@mac.com,Genderfluid,XS,34,153.3,128.5,true,Female,Sales,Longmenfan
430,Lyndel,Glasman,lglasmanbx@deviantart.com,Female,L,31,176.0,151.1,false,,Accounting,Zdice
431,Blancha,Lemon,blemonby@exblog.jp,Female,,67,160.8,54.8,true,Female,Services,Sasovo
432,Tracy,Powell,tpowellbz@columbia.edu,Male,M,42,174.4,113.0,false,Female,Services,Okhtyrka
433,Bliss,Itscovitz,bitscovitzc0@umn.edu,Female,L,43,153.0,101.2,,Female,Sales,Jiuzhou
434,Debi,Buye,dbuyec1@bloomberg.com,Female,L,65,173.8,162.6,true,Female,Research and Development,Szlachta
435,Ivette,Maddison,imaddisonc2@people.com.cn,Female,2XL,66,165.4,98.1,false,Female,Accounting,Donja Dubica
436,Keriann,Northcote,knorthcotec3@rambler.ru,Female,3XL,40,155.2,59.8,true,Female,Sales,Mardā
437,Harlin,Munnings,hmunningsc4@newsvine.com,Male,L,26,173.9,51.0,true,Male,Services,Uvarovka
438,Maddie,McCoid,mmccoidc5@unblog.fr,Female,2XL,52,178.2,91.8,true,Female,Sales,Banjar Susut Kaja
439,Zacherie,Cronin,zcroninc6@linkedin.com,Male,S,27,153.4,126.9,false,Male,Accounting,Kiamba
440,Marietta,Taffie,mtaffiec7@timesonline.co.uk,Male,M,61,148.8,83.7,true,Female,Research and Development,Muang Phôn-Hông
441,Addie,Esposito,aespositoc8@sbwire.com,Female,2XL,42,177.1,182.4,true,Male,Business Development,Mache
442,Eliza,Beacom,ebeacomc9@forbes.com,Female,L,68,169.9,71.4,,Female,Product Management,Palocabildo
443,Tedra,Doe,tdoeca@over-blog.com,Genderqueer,M,25,158.3,182.5,false,Female,Services,Kebonagung
444,Seumas,Guislin,sguislincb@printfriendly.com,Male,M,55,161.5,128.4,true,Female,Research and Development,Ipatinga
445,Dani,Tittershill,dtittershillcc@salon.com,Female,M,66,163.3,47.4,false,,Training,Luowan
446,Quint,Skellen,qskellencd@unc.edu,Male,S,21,152.6,149.7,false,Male,Sales,Moses
447,Josee,Paik,jpaikce@ox.ac.uk,Female,XL,21,163.4,197.3,false,Female,Training,Santiago
448,Corrianne,Meynell,cmeynellcf@123-reg.co.uk,Female,,36,155.5,171.7,true,Male,Sales,Daping
449,Lazar,Bourges,lbourgescg@tamu.edu,Male,XS,63,173.3,57.5,true,Female,Training,Cova da Iria
450,Marlee,Tidder,mtidderch@slate.com,Female,L,26,171.1,147.9,true,Female,Engineering,Whitehorse
451,Luciana,Willbraham,lwillbrahamci@tamu.edu,Female,2XL,45,153.9,166.3,true,Female,Training,Xincheng
452,Chryste,Lobell,clobellcj@tinyurl.com,Female,XL,56,163.4,178.8,true,Male,Support,Sanxi
453,Electra,Songist,esongistck@t.co,Female,3XL,40,177.5,55.9,false,Female,Sales,San Rafael
454,Ardyth,Marling,amarlingcl@apache.org,Female,,58,158.8,70.9,false,Male,Product Management,Datong
455,Che,Orritt,corrittcm@blogs.com,Bigender,M,67,154.2,179.9,true,Male,Accounting,Horodnytsya
456,Christiano,Collings,ccollingscn@techcrunch.com,Male,M,52,170.3,56.1,true,Male,Product Management,Muldersdriseloop
457,Goldy,Killelay,gkillelayco@wikimedia.org,Female,XS,29,151.4,96.9,,,Legal,Novovoronezh
458,Christophorus,Wahner,cwahnercp@cisco.com,Male,M,39,166.8,117.6,true,Male,Engineering,Hannover
459,,Iacobacci,wiacobaccicq@printfriendly.com,Female,,49,175.3,82.2,true,Female,Engineering,Zhongshan Donglu
460,Joshuah,Kleis,jkleiscr@delicious.com,Polygender,S,33,,81.2,false,Male,Product Management,Avignon
461,Benjie,Aimer,baimercs@loc.gov,Male,L,63,150.5,72.7,false,Male,Product Management,Kumberg
462,Bald,McCard,bmccardct@4shared.com,Male,2XL,31,150.8,44.7,false,Male,Services,Puyan
463,Nathanil,Ivashov,nivashovcu@home.pl,Genderfluid,2XL,63,167.3,67.3,false,Female,Engineering,Belfast
464,Kaspar,Tregidga,ktregidgacv@cbc.ca,Bigender,2XL,21,161.8,111.7,true,Male,Product Management,Ayorou
465,Brigid,Tunnick,btunnickcw@businesswire.com,Female,XS,46,159.9,73.3,false,Male,Legal,
466,,Kettow,bkettowcx@addtoany.com,Male,,21,171.9,56.7,true,,Human Resources,Pangao
467,Ruthy,Farriar,rfarriarcy@cafepress.com,Female,,56,178.7,43.6,true,Female,Sales,Sa Bot
468,Jerome,Volkers,jvolkerscz@facebook.com,Male,XS,72,160.8,172.2,false,Male,Product Management,Köping
469,Cate,Culverhouse,cculverhoused0@mapquest.com,Female,S,43,152.4,161.4,true,Male,,Jiangchang
470,Barris,Parken,,Male,S,30,179.6,104.8,,,Services,Nam Khun
471,,Swanborough,sswanboroughd2@nymag.com,Female,3XL,70,165.4,105.3,true,,Marketing,Nancun
472,Lanie,Piers,lpiersd3@amazon.co.uk,Male,M,43,166.6,172.7,true,Male,Services,Beijós
473,Jessika,Lissandri,jlissandrid4@themeforest.net,Female,XL,53,160.5,39.6,false,Male,Accounting,Huanghuatan
474,Maryjane,Stockley,mstockleyd5@senate.gov,Female,S,62,161.0,72.8,true,Male,Sales,Baguim do Monte
475,Benoite,Sills,bsillsd6@wsj.com,Female,XS,39,162.2,176.5,false,Male,Business Development,Yanzhou
476,Ariel,Sigmund,asigmundd7@nymag.com,Female,3XL,63,179.6,143.6,false,,Human Resources,Karbinci
477,Ezechiel,Ardley,eardleyd8@rambler.ru,Genderqueer,XS,57,176.1,147.7,false,Female,Engineering,Arrah
478,Shayla,Kwietak,skwietakd9@trellian.com,Female,S,69,161.1,107.1,false,Female,Sales,Saxin
479,Beverly,O'Collopy,bocollopyda@ebay.com,Female,2XL,65,169.3,149.4,true,Female,Legal,
480,Denney,Cousens,dcousensdb@yale.edu,Genderqueer,,31,160.5,152.7,false,Male,Support,Virginia Beach
481,Gussy,,gbotemandc@fastcompany.com,Female,S,48,151.9,110.2,false,Male,Sales,Huili
482,Leeanne,Skittreal,lskittrealdd@example.com,Female,M,42,151.1,89.8,true,Female,Services,Orléans
483,Fidelio,Wiltshire,fwiltshirede@shareasale.com,Male,L,22,175.3,97.6,false,Male,Business Development,Blumenau
484,Baxter,Esposita,bespositadf@vinaora.com,Male,XL,33,160.5,79.1,true,Male,Research and Development,Zhuhong
485,Charmian,Gainor,cgainordg@nydailynews.com,Female,M,31,164.1,76.7,true,Female,Support,Ashgabat
486,Kincaid,Kingzett,kkingzettdh@meetup.com,Male,2XL,49,162.5,181.6,false,Female,Legal,Palhais
487,Arabella,Briers,abriersdi@loc.gov,Female,3XL,68,151.8,101.9,false,Female,Support,Nam Som
488,Spenser,Hogbin,shogbindj@soundcloud.com,Male,L,51,152.7,194.0,true,Female,Accounting,Tanjungrejo Lor
489,Heinrik,Clem,hclemdk@infoseek.co.jp,Male,3XL,56,160.3,157.0,false,Male,Business Development,Gwadabawa
490,Iseabal,Stormont,istormontdl@sbwire.com,Female,XS,48,168.2,183.1,true,Male,Sales,Waśniów
491,Erskine,Coggles,ecogglesdm@elpais.com,Genderqueer,L,30,147.5,49.6,true,Female,Accounting,Yuezhao
492,Jillie,Redfearn,jredfearndn@skype.com,Female,,49,,103.3,false,Male,Product Management,Psáry
493,Dix,Nance,dnancedo@samsung.com,Female,2XL,32,,161.1,false,Female,Research and Development,Charenton-le-Pont
494,Christan,Gundrey,cgundreydp@aboutads.info,Female,M,46,150.5,126.8,true,Male,Product Management,
495,Grange,Alabastar,galabastardq@virginia.edu,Male,3XL,24,159.3,142.3,true,Male,Support,Chengyang
496,Junette,Joliffe,jjoliffedr@reddit.com,Female,3XL,37,152.6,39.1,false,Male,Legal,Montpellier
497,Hilary,Maber,hmaberds@psu.edu,Female,L,68,155.0,196.1,false,Male,Engineering,
498,Rochester,Di Iorio,,Male,L,24,157.8,,true,Female,Product Management,Massaranduba
499,Lucius,Humbell,lhumbelldu@4shared.com,Male,2XL,30,173.5,123.0,true,Female,Marketing,Damiku
500,Cameron,Heinonen,cheinonendv@bing.com,Male,L,33,179.1,113.2,true,Female,Product Management,Yunlong
501,Petronilla,Hiom,phiomdw@w3.org,Female,XL,75,151.3,79.9,true,Male,Training,Örnsköldsvik
502,Gannon,Havelin,ghavelindx@163.com,Male,3XL,72,147.5,163.3,true,,Research and Development,Chuntai
503,Lezlie,,lburnupdy@patch.com,Female,3XL,36,169.6,123.2,true,Female,Marketing,Juàzeirinho
504,Sean,Elcoux,selcouxdz@wikimedia.org,Female,M,56,,155.0,,Male,Accounting,Pakusari
505,Aldin,Mardall,amardalle0@google.com,Male,L,59,153.2,149.8,false,Female,,Ludvika
506,Sunshine,Jellett,sjellette1@dropbox.com,Female,2XL,60,,53.6,true,Male,Business Development,Lovrenc na Pohorju
507,Glenine,Pasek,gpaseke2@multiply.com,Female,XL,21,168.8,150.0,true,,Legal,Mikhaylovsk
508,Gaylene,Ivantsov,givantsove3@github.com,Genderqueer,M,21,159.1,154.7,true,Male,Accounting,Spytkowice
509,Veronica,Coggon,vcoggone4@bizjournals.com,Female,L,41,150.4,126.3,false,Female,Business Development,Tomteboda
510,Harlin,Byers,hbyerse5@ca.gov,Male,XL,32,153.5,54.7,true,Male,Human Resources,Kuching
511,Zilvia,Redfern,zredferne6@google.com.au,Female,,48,166.7,141.1,true,Female,Engineering,Menghe
512,Raul,Ings,ringse7@is.gd,Male,3XL,71,175.9,67.4,false,Female,Support,Nariño
513,Venita,Spoure,vspouree8@mail.ru,Female,M,25,175.8,100.7,false,Male,Training,Chengzi
514,Editha,Huckel,ehuckele9@dailymail.co.uk,Female,XS,69,177.0,158.2,true,Male,Services,Kushk
515,Thornie,McAllaster,tmcallasterea@nationalgeographic.com,Male,XS,39,177.5,78.2,false,Female,Support,Nantang
516,Garth,Granger,ggrangereb@apple.com,Bigender,3XL,65,149.3,142.3,false,Female,Marketing,Suicheng
517,Elisa,Bramelt,ebrameltec@cbslocal.com,Female,XL,26,172.0,95.9,true,Male,Research and Development,Viterbo
518,Gerik,Becerra,gbecerraed@goodreads.com,Male,3XL,68,149.2,181.7,false,Female,Support,Tacheng
519,Stephie,Scambler,sscambleree@ihg.com,Female,3XL,41,163.6,155.1,false,,Engineering,Melekyne
520,Lisabeth,Dwelley,ldwelleyef@fc2.com,Female,2XL,68,149.1,181.3,false,Male,Marketing,Cipancur
521,Ottilie,Coverlyn,ocoverlyneg@icio.us,Female,XS,69,158.5,78.0,false,Male,Marketing,Laszki
522,,Penwarden,rpenwardeneh@vinaora.com,Female,2XL,25,173.1,142.2,false,Male,Engineering,Taekas
523,Clive,,cexelbyei@netlog.com,Male,M,69,153.5,57.4,true,Male,Research and Development,Marseille
524,Mikael,Lemasney,mlemasneyej@technorati.com,Male,,54,166.7,150.5,true,Female,Support,Mwinilunga
525,Nadeen,Wooding,nwoodingek@networkadvertising.org,Female,M,45,151.5,51.8,true,Male,Research and Development,El Guapinol
526,Muhammad,Elleton,melletonel@wordpress.org,Male,,65,167.2,57.3,true,Female,Legal,Shimanovsk
527,Samara,Danielsky,sdanielskyem@independent.co.uk,Female,L,73,172.8,175.7,false,Female,Support,Chitungwiza
528,Burton,,bsummerskillen@pinterest.com,Male,,42,178.3,60.0,false,Male,Legal,Margos
529,Andromache,,adefranciscieo@printfriendly.com,Female,L,71,158.8,188.8,,Male,Sales,Cabinda
530,Arabele,Thomlinson,athomlinsonep@chronoengine.com,Female,S,54,152.7,142.6,true,Male,Accounting,Aygek
531,Lianna,Gooderick,lgooderickeq@drupal.org,Female,,38,170.7,90.2,true,Female,Legal,Gaogongdao
532,Che,Trimnell,ctrimneller@slashdot.org,Male,L,67,157.8,133.7,true,Male,Sales,Enköping
533,Clio,Hein,cheines@vistaprint.com,Female,XS,68,163.2,188.9,true,Male,Legal,Yanhe
534,Curtice,,cpetrovykhet@pen.io,Male,XS,26,166.3,185.9,true,Male,Support,Nakama
535,Rory,,rketleyeu@odnoklassniki.ru,Male,,40,157.8,72.3,true,Male,Services,Gersikputih Tengah
536,Hyacinthie,Mallord,hmallordev@sohu.com,Female,S,71,168.4,154.0,false,Female,Accounting,Zhongxin
537,Karia,Bankhurst,kbankhurstew@purevolume.com,Female,S,32,159.4,129.2,true,Male,Accounting,Itoigawa
538,Uri,Kehoe,ukehoeex@nhs.uk,Male,XL,64,153.3,169.4,false,Male,Support,Laya
539,Zonnya,Faichney,zfaichneyey@thetimes.co.uk,Female,3XL,57,173.6,132.7,true,Male,Business Development,Kuivaniemi
540,Ugo,Bullingham,ubullinghamez@blinklist.com,Genderqueer,3XL,51,159.1,65.8,false,Male,Services,Qianshan
541,Eric,Ballinger,eballingerf0@howstuffworks.com,Male,,33,175.4,142.2,true,Female,Legal,Tocoa
542,Lian,Bolesworth,lbolesworthf1@theglobeandmail.com,Female,,75,,101.7,true,Male,Legal,Malysheva
543,Mathe,Walasik,mwalasikf2@vistaprint.com,Male,3XL,58,173.5,113.7,false,Male,Marketing,Lishan
544,Hillary,,haskenf3@techcrunch.com,Agender,S,62,172.4,,true,Male,,Xiayang
545,Salvador,Dive,sdivef4@youtu.be,Genderqueer,S,21,178.5,65.6,false,Male,Services,Vardenik
546,Clark,,cbabidgef5@quantcast.com,Male,XS,34,149.4,172.9,true,Male,Legal,Pirapozinho
547,Moyna,Plet,mpletf6@chron.com,Polygender,3XL,68,166.3,168.1,true,Male,Marketing,Kujung
548,Erika,Howsley,ehowsleyf7@devhub.com,Female,L,39,149.6,129.1,true,Male,Marketing,Ohrid
549,Eziechiele,Riddock,eriddockf8@nba.com,Male,XS,51,172.9,95.3,true,Female,Training,Takāb
550,Anet,Kilner,akilnerf9@mozilla.com,Female,S,72,161.2,93.7,true,,Sales,Świlcza
551,Horatius,Rief,hrieffa@theglobeandmail.com,Male,XS,22,,107.1,true,Male,Human Resources,Usuki
552,Ebenezer,Whitwam,ewhitwamfb@cam.ac.uk,Male,3XL,62,157.0,41.6,true,Male,Sales,Pirané
553,Hallie,Salkild,hsalkildfc@tmall.com,Female,,39,162.2,187.1,false,Male,Training,Trudovoye
554,Alfreda,Chinnery,achinneryfd@utexas.edu,Female,M,67,157.8,84.0,,Male,Services,Sonsorol Village
555,Letti,Seccombe,lseccombefe@e-recht24.de,Female,,50,177.7,105.7,true,Female,Legal,Thiès Nones
556,Misha,Garnett,mgarnettff@reverbnation.com,Female,XL,50,159.1,58.0,false,Female,Product Management,Luleå
557,Koenraad,Frankowski,kfrankowskifg@mysql.com,Male,3XL,52,155.8,161.4,true,,Engineering,Zhoutian
558,Prentice,Chinnery,pchinneryfh@wired.com,Male,3XL,67,155.3,76.4,true,Male,Product Management,Xinqiao
559,Price,Thirsk,pthirskfi@de.vu,Male,,35,153.7,170.5,false,Female,Services,Salamrejo
560,Oralie,Brunel,obrunelfj@imdb.com,Female,S,23,168.8,80.0,true,Female,Product Management,Santa Elena de Uairén
561,Dom,,dbruinfk@go.com,Male,2XL,30,157.4,89.0,true,,Research and Development,Diónysos
562,Bobbe,McLeese,bmcleesefl@mac.com,Female,XS,64,164.5,41.3,false,Male,Accounting,Cové
563,Osbourn,Wolstencroft,owolstencroftfm@elpais.com,Male,L,35,159.7,193.5,false,Male,Engineering,Weetombo
564,Ky,MacAlpine,kmacalpinefn@marriott.com,Male,L,57,164.0,,false,Male,Product Management,Nonoichi
565,Cayla,Scrimshaw,cscrimshawfo@is.gd,Female,M,56,150.5,105.0,false,,Legal,Arrepiado
566,Maddi,Rettie,mrettiefp@intel.com,Female,M,35,167.8,61.8,true,Male,Sales,Arvayheer
567,Andy,Yeowell,ayeowellfq@google.fr,Female,,34,153.1,170.7,false,Male,Business Development,Uyugan
568,Case,Labrow,clabrowfr@huffingtonpost.com,Male,XL,57,156.0,174.5,true,Male,Sales,Saint-Jean-de-Monts
569,Eliza,McGrill,emcgrillfs@samsung.com,Female,3XL,70,169.5,79.9,true,Female,Engineering,Nemyriv
570,Gusta,Swapp,gswappft@tinypic.com,Female,3XL,63,152.8,145.4,false,Male,Marketing,Timurlorong
571,Louis,Greystoke,lgreystokefu@e-recht24.de,Male,,62,156.6,196.5,true,Male,Human Resources,Shihuajian
572,Richmond,Scorah,rscorahfv@amazon.co.uk,Male,XL,71,,166.1,,Male,Accounting,Pivka
573,Mellisent,Isherwood,misherwoodfw@symantec.com,Female,XS,54,163.7,188.8,true,Male,Marketing,Höganäs
574,Myles,Valentine,mvalentinefx@oaic.gov.au,Male,,43,168.2,165.1,false,Female,Engineering,Sanguanzhai
575,Mickie,Wilse,mwilsefy@ed.gov,Female,XS,46,175.0,147.7,false,,Human Resources,Jatibonico
576,Zebedee,Bend,zbendfz@sun.com,Male,,56,155.9,184.3,true,Male,Human Resources,Alzamay
577,,Van Der Weedenburg,pvanderweedenburgg0@webnode.com,Male,L,57,148.0,50.3,true,Male,Engineering,Tierp
578,,Laugheran,elaugherang1@flickr.com,Female,XS,47,164.0,94.3,false,Female,Product Management,Liuliping
579,Vale,Royson,vroysong2@gov.uk,Female,XL,40,167.5,57.7,,Female,Research and Development,Lourdes
580,,Rout,kroutg3@globo.com,Female,3XL,47,168.5,154.6,false,Male,Sales,Pau
581,Shoshanna,Folkerts,sfolkertsg4@discovery.com,Female,S,41,149.1,,,Female,Support,Paris 16
582,Trula,O'Dulchonta,todulchontag5@webmd.com,Female,3XL,57,167.1,89.6,true,Male,Support,Minshan
583,Sander,Sacase,ssacaseg6@comsenz.com,Male,S,44,176.6,118.7,false,Female,Research and Development,Karang
584,Moises,Wyness,,Male,XL,69,166.9,,true,,Human Resources,Haz-Zebbug
585,Ned,Murden,nmurdeng8@aboutads.info,Male,L,40,148.0,142.9,false,Female,Sales,Asbest
586,Ronda,Spilsted,rspilstedg9@washington.edu,Female,S,41,176.7,56.8,true,Female,,Ciherang
587,Frans,Dagger,fdaggerga@unc.edu,Male,XS,45,158.1,190.3,false,Female,Training,Shostka
588,Madison,,mchestnutgb@gmpg.org,Bigender,S,40,152.5,70.0,true,Female,Research and Development,Aeka
589,Lane,De la croix,ldelacroixgc@ycombinator.com,Male,M,61,156.9,65.0,true,Female,Accounting,Antas
590,Bunny,Walhedd,bwalheddgd@merriam-webster.com,Female,,21,165.6,190.9,false,Male,Product Management,Bajo
591,Ernestine,Adelsberg,eadelsbergge@github.com,Agender,,56,177.8,164.2,false,Female,Product Management,Villeneuve-sur-Lot
592,Robina,Willingale,rwillingalegf@comcast.net,Female,XS,40,164.8,112.4,true,Female,Sales,Cavadas
593,Helli,Lared,hlaredgg@ed.gov,Female,XL,48,152.3,178.7,true,Female,Sales,Badāmā
594,Erik,Strongman,estrongmangh@cyberchimps.com,Male,M,64,171.5,,,Male,Legal,Tsuyama
595,Killy,Canton,kcantongi@mozilla.org,Male,XS,62,150.3,71.5,false,Female,Training,
596,Jabez,Welland,,Male,,37,150.3,71.9,true,Female,Human Resources,Shimo-furano
597,,Calloway,scallowaygk@yelp.com,Male,,28,173.5,114.3,false,Female,,Shahrak-e Bākharz
598,Susanetta,Scocroft,sscocroftgl@ning.com,Female,,75,166.1,100.8,true,Female,Training,Tvarožná
599,Fritz,Ronchka,fronchkagm@prnewswire.com,Male,,25,173.1,82.4,true,Male,Research and Development,Fenggao
600,Armando,Tarrant,atarrantgn@clickbank.net,Male,L,33,173.4,66.6,true,Male,Marketing,Verkhnyachka
601,Florencia,Arrandale,farrandalego@fotki.com,Female,S,35,177.3,58.2,true,Male,Accounting,
602,Christophe,Bortoli,cbortoligp@google.es,Male,3XL,64,170.5,187.9,true,Female,Training,Santa Cruz
603,Alejandro,Pinkney,apinkneygq@vkontakte.ru,Male,M,41,178.7,111.1,false,Female,Support,Xiaoyue
604,Della,Dackombe,ddackombegr@lycos.com,Female,,45,174.4,74.6,true,Female,Services,Barentu
605,,Rheaume,lrheaumegs@washington.edu,Male,L,38,163.4,198.4,false,Male,Business Development,Ghormach
606,Archambault,Mitchard,amitchardgt@github.com,Male,2XL,51,158.7,44.6,true,Female,Product Management,Curahuasi
607,Clerkclaude,Stendall,cstendallgu@nasa.gov,Male,,39,173.9,122.6,false,Female,Services,Lubrza
608,Gael,Blewis,gblewisgv@aboutads.info,Male,,70,174.9,128.0,false,Female,Human Resources,Carapo
609,Guillemette,Juggins,gjugginsgw@sun.com,Female,2XL,39,178.3,181.6,false,Female,,Kota Kinabalu
610,Shaun,Fibbens,sfibbensgx@gizmodo.com,Female,3XL,58,161.4,183.8,false,Female,Marketing,Morales
611,Alleen,Fahrenbach,afahrenbachgy@google.co.uk,Female,S,38,,141.9,true,Female,Engineering,Synya
612,Emilee,Mapis,emapisgz@about.me,Female,S,33,154.3,97.8,false,Male,Services,El Mirador
613,,Preskett,dpresketth0@scribd.com,Female,XL,23,164.8,182.4,false,Female,Engineering,Yicheng
614,Ricki,MacNelly,,Male,M,35,164.8,69.8,true,Female,Marketing,Monkstown
615,Jozef,Ongin,jonginh2@hud.gov,Male,S,51,147.6,126.9,false,Female,Engineering,Layu
616,,Whytock,pwhytockh3@icq.com,Female,L,66,171.8,157.6,false,Male,Business Development,
617,Chanda,Braunds,,Bigender,L,35,173.6,149.5,true,Male,Legal,Padaan
618,Nils,Ovey,noveyh5@fastcompany.com,Male,L,28,155.7,67.4,false,Female,Business Development,Budapest
619,,Byre,ebyreh6@un.org,Female,L,32,178.2,152.2,true,Male,Engineering,Ciudad Nueva
620,Sergei,,sgibbesonh7@topsy.com,Male,S,64,154.4,54.9,true,Female,Training,Xinli
621,Nikolai,Janek,njanekh8@ucoz.ru,Male,XL,73,153.7,53.3,true,Female,Training,Cruz
622,Hermine,Haibel,hhaibelh9@go.com,Non-binary,,49,149.2,199.7,false,,Research and Development,
623,Ransell,Babinski,rbabinskiha@myspace.com,Male,2XL,43,153.8,115.9,false,Female,Human Resources,Xintang
624,Sean,Workes,sworkeshb@blogs.com,Male,L,75,167.9,159.4,true,Male,Legal,Al Manshāh
625,Maxie,Brazenor,mbrazenorhc@furl.net,Male,L,72,175.9,161.5,true,Female,Engineering,Chillia
626,Justis,Hargrove,jhargrovehd@unesco.org,Male,S,34,178.7,60.4,true,Female,Product Management,Mercedes
627,Michail,Serrier,mserrierhe@fastcompany.com,Male,3XL,20,169.5,158.9,,Female,Legal,Kvissleby
628,Dodie,Sapson,dsapsonhf@intel.com,Female,XL,75,156.1,192.1,false,Female,Sales,Tchintabaraden
629,Lyn,Doble,ldoblehg@wikimedia.org,Male,3XL,30,163.1,62.4,,Male,Support,Il’ya
630,Neill,Yashaev,nyashaevhh@blogger.com,Bigender,XS,42,167.0,85.7,false,Male,Business Development,Kembangarum
631,Hervey,Ferrieres,hferriereshi@phoca.cz,Male,M,58,163.6,108.9,false,Male,Research and Development,
632,Kattie,Andreaccio,kandreacciohj@etsy.com,Female,L,40,153.1,97.1,true,Male,Services,Daja Lorong
633,Savina,Piell,spiellhk@fc2.com,Female,2XL,51,175.1,197.2,false,Female,Research and Development,Wutun
634,Hilton,Valerio,hvaleriohl@marketwatch.com,Male,3XL,74,164.5,43.1,false,Female,Accounting,Guri-si
635,Zane,Potten,zpottenhm@mediafire.com,Male,M,29,174.1,65.7,false,Female,Sales,Itaqui
636,Mireille,Swabey,mswabeyhn@acquirethisname.com,Female,,64,163.5,138.0,false,Female,Engineering,Waterloo
637,Eddie,Keegan,ekeeganho@whitehouse.gov,Male,M,27,162.4,81.6,true,Male,Training,Maqbanah
638,Loraine,Goodale,,Female,XL,42,177.8,93.6,false,Female,Research and Development,Zhihe
639,Kariotta,Skains,kskainshq@washington.edu,Female,L,23,179.2,145.3,true,Male,Support,Anjō
640,,Wyson,mwysonhr@symantec.com,Female,2XL,50,154.5,59.8,true,Female,Sales,Jinshandian
641,Teodorico,,tmoretonhs@google.co.jp,Male,,60,176.1,145.7,true,Female,Accounting,Yélimané
642,Yulma,Ashlee,yashleeht@pagesperso-orange.fr,Male,M,67,172.9,84.4,false,,Human Resources,Jinhaihu
643,Chilton,Hurworth,churworthhu@skyrock.com,Male,M,40,172.3,80.5,,Male,Accounting,Mekarsari
644,Livvy,Meys,lmeyshv@google.co.jp,Female,L,47,162.9,121.2,true,Male,Engineering,Agodim
645,Louisette,Cleminshaw,lcleminshawhw@nps.gov,Female,L,72,179.1,59.1,true,Female,Product Management,Novovasylivka
646,Skell,Lidbetter,slidbetterhx@spiegel.de,Male,XL,66,162.4,117.4,true,Female,Training,Langkou
647,Marie-ann,Sandars,msandarshy@usgs.gov,Female,M,22,176.7,47.5,false,Female,Engineering,Vodstroy
648,Ferguson,Scoffins,fscoffinshz@arstechnica.com,Male,L,36,171.6,71.7,true,Female,Marketing,Sande São Lourenço
649,Janelle,Lempertz,,Female,M,21,153.5,152.3,true,Female,Research and Development,Arras
650,Leontyne,Threadgold,lthreadgoldi1@goo.ne.jp,Female,2XL,37,172.4,,false,Female,Human Resources,Molchanovo
651,Vicky,Luppitt,vluppitti2@bandcamp.com,Female,,72,177.6,104.7,false,Female,Research and Development,Huaqiao
652,Ilysa,Versey,iverseyi3@newyorker.com,Female,L,67,151.3,70.2,true,Male,,Krasnaye
653,Livvie,Paffley,lpaffleyi4@elegantthemes.com,Female,3XL,70,177.3,197.2,true,Male,Business Development,Kumamoto
654,Vito,Lakeman,vlakemani5@myspace.com,Male,3XL,68,176.1,158.8,false,Female,Training,Huarong
655,Gottfried,Norfolk,gnorfolki6@tripadvisor.com,Male,S,53,162.2,136.2,false,Male,Legal,Gävle
656,Tibold,McMichael,tmcmichaeli7@surveymonkey.com,Male,S,66,159.9,117.9,true,Male,Business Development,Steblevë
657,Culver,Baert,cbaerti8@yellowbook.com,Male,2XL,43,164.8,63.2,true,Female,Sales,Saint-Denis
658,Jolee,Dukesbury,jdukesburyi9@joomla.org,Female,3XL,21,167.3,199.3,true,Male,Sales,Ōtsuki
659,Daisy,Faulder,dfaulderia@ebay.co.uk,Female,,37,179.0,88.7,true,Female,Business Development,Rudolfov
660,Tressa,Castellone,tcastelloneib@usatoday.com,Female,2XL,36,160.4,151.4,false,Female,Research and Development,Vostryakovo
661,Dyanna,Harmant,dharmantic@cnet.com,Female,L,40,152.3,65.0,true,Male,Business Development,Al Baqāliţah
662,Jerrine,Handrick,jhandrickid@yelp.com,Female,M,31,168.9,186.0,true,Male,Legal,Akráta
663,Morly,Rusk,mruskie@businessweek.com,Male,2XL,73,158.1,85.1,true,Female,Sales,Usman’
664,Lise,Kaubisch,lkaubischif@ed.gov,Female,2XL,49,166.7,122.0,,Male,Human Resources,Port Nolloth
665,Huntley,Rosencrantz,hrosencrantzig@harvard.edu,Male,,69,155.7,125.9,false,Male,Product Management,Cáceres
666,Thorpe,Osichev,tosichevih@blogspot.com,Male,S,39,168.1,142.3,false,Female,Product Management,Fushan
667,Kathryn,Parramore,kparramoreii@diigo.com,Bigender,,56,159.7,125.4,true,Female,Business Development,Gaborone
668,Daveen,Cabrara,dcabraraij@prnewswire.com,Female,XS,72,169.0,157.3,true,Female,Product Management,Houston
669,Jess,Ferrieres,jferrieresik@surveymonkey.com,Male,2XL,72,169.0,144.2,false,Female,Training,Houzhai
670,Elisabetta,Figgures,efigguresil@abc.net.au,Female,,22,,106.4,false,Female,Business Development,Parelhas
671,,Allridge,tallridgeim@163.com,Male,XS,30,156.5,76.2,false,Female,Support,Uryupinsk
672,Hammad,Mayo,hmayoin@icio.us,Male,XL,75,155.8,193.1,true,,Research and Development,Östhammar
673,Flory,Troth,ftrothio@dot.gov,Female,XL,28,169.5,196.3,false,Female,,Businovo
674,Brynn,Korpal,bkorpalip@oaic.gov.au,Female,3XL,71,153.5,136.7,false,Female,Support,Shazhuang
675,Kali,Hopkyns,,Agender,,28,169.3,175.0,true,,Sales,Campanário
676,Chrystel,Bradnum,cbradnumir@si.edu,Female,M,48,166.2,176.8,false,Female,Research and Development,Теарце
677,Ulla,,,Non-binary,S,24,170.9,116.0,false,Male,Accounting,Muskegon
678,Brand,Josilowski,,Male,M,36,171.3,181.0,false,Male,Human Resources,Willowmore
679,Malanie,Dyzart,mdyzartiu@baidu.com,Female,XS,54,,121.4,true,Female,Services,Granard
680,Neal,Dwire,,Male,XL,35,179.1,,false,Male,Business Development,Hamilton
681,Cynthia,Moxson,cmoxsoniw@newyorker.com,Female,2XL,30,150.6,,false,Female,Engineering,Ardino
682,Free,,fgiamittiix@oracle.com,Male,L,46,152.0,159.2,false,Male,Training,Drawno
683,Victor,Enefer,veneferiy@ehow.com,Male,XS,48,150.1,125.8,false,Female,Training,Truskolasy
684,Sarene,Basnett,sbasnettiz@netvibes.com,Female,S,61,174.8,140.4,true,,Legal,Krzanowice
685,Rozalie,Taylder,rtaylderj0@craigslist.org,Female,2XL,72,166.6,100.2,true,Female,Sales,
686,Curran,Ryrie,cryriej1@eventbrite.com,Male,3XL,62,163.6,71.8,false,Female,Marketing,Cileueur
687,,,ehenkej2@shop-pro.jp,Female,,24,155.8,69.9,false,Female,Business Development,Želešice
688,Corrie,Ledgard,cledgardj3@indiatimes.com,Male,XL,60,172.9,109.2,false,Female,Engineering,Choibalsan
689,Lutero,Skinner,lskinnerj4@nbcnews.com,Male,XL,65,155.7,62.2,true,Female,Research and Development,Nantes
690,Ivory,Iannuzzi,iiannuzzij5@google.fr,Female,S,39,151.8,95.5,false,Male,Support,Puerto Boyacá
691,Westleigh,Madden,wmaddenj6@ebay.com,Male,3XL,33,160.5,178.2,false,Female,Human Resources,Tiébo
692,,Carville,jcarvillej7@lulu.com,Male,L,67,178.7,83.3,true,,Services,Martil
693,Denver,Fiveash,dfiveashj8@jalbum.net,Male,S,46,156.2,170.2,true,Male,Business Development,Jaguarari
694,Fiann,Mixon,fmixonj9@tripadvisor.com,Female,XS,69,171.7,115.7,true,,Product Management,Al Bahlūlīyah
695,Fran,Sedgeman,fsedgemanja@fc2.com,Male,,23,164.0,137.3,true,Male,Accounting,Muzaffargarh
696,Caria,Auten,cautenjb@un.org,Female,XL,31,176.1,49.2,false,Female,Training,Quma
697,Asa,De Michele,ademichelejc@home.pl,Genderqueer,,48,161.8,120.0,true,Male,Training,Cheongju-si
698,Ludwig,Timcke,ltimckejd@dailymail.co.uk,Male,2XL,74,169.8,131.8,true,,Engineering,Sukacai
699,Heidie,,hskuceje@hatena.ne.jp,Bigender,L,22,170.6,197.7,true,Female,Sales,San Simon
700,Gertrude,Ruecastle,gruecastlejf@accuweather.com,Female,M,37,159.3,134.2,false,Male,Research and Development,Hongtang
701,Norbert,Dairton,ndairtonjg@fastcompany.com,Male,3XL,60,165.2,47.8,true,Female,Sales,Cachoeira
702,Vicky,Ughini,vughinijh@live.com,Female,3XL,37,165.5,123.0,true,Male,Support,Soledade
703,Andrew,Cristofanini,acristofaniniji@drupal.org,Male,3XL,38,172.1,193.8,false,Male,Research and Development,Miaogou
704,Mickey,Pritchard,mpritchardjj@google.com.au,Male,XL,41,173.5,64.7,false,Female,Research and Development,Orsk
705,Jewel,Verlander,jverlanderjk@stumbleupon.com,Female,,27,163.9,181.5,true,Female,Human Resources,Nueva Manoa
706,Lanny,Younge,lyoungejl@google.com.hk,Male,M,46,,150.4,false,Female,Engineering,Bordeaux
707,Carmelia,Shutt,cshuttjm@4shared.com,Female,3XL,23,155.6,108.6,true,Male,Engineering,Na Yong
708,Meg,Portigall,mportigalljn@who.int,Genderfluid,S,50,166.0,78.0,true,Male,Research and Development,Xipu
709,Carissa,Sutherley,csutherleyjo@tuttocitta.it,Female,M,73,148.1,99.2,true,Female,Services,Araucária
710,Justino,Vallerine,jvallerinejp@wiley.com,Polygender,,70,148.6,48.3,false,Female,Research and Development,Seč
711,Brien,Worsfield,bworsfieldjq@arizona.edu,Male,L,70,165.5,121.3,true,Male,Legal,Bouca
712,Kristofer,Messruther,kmessrutherjr@meetup.com,Male,M,22,148.9,96.0,true,Female,Engineering,Hecun
713,Buiron,Heffernan,bheffernanjs@netscape.com,Bigender,S,34,150.2,,true,Male,Training,Wenshao
714,Regine,Blackey,rblackeyjt@soundcloud.com,Female,,26,154.4,107.3,true,Female,Business Development,Aguada de Pasajeros
715,Seumas,Place,splaceju@goo.gl,Male,3XL,24,159.2,197.6,false,Female,Business Development,Wujiao
716,Sholom,Dorre,sdorrejv@fema.gov,Male,XS,67,168.3,46.6,true,Female,Sales,
717,Benjamen,Harborow,bharborowjw@craigslist.org,Male,L,31,149.2,60.6,true,Female,Training,Kemlya
718,Chaddy,Chown,cchownjx@lulu.com,Male,,51,158.4,195.9,true,Female,Sales,Zhaoguli
719,Smith,Dossettor,sdossettorjy@unicef.org,Male,3XL,46,178.0,118.0,true,Male,Marketing,Renhe
720,Jacky,Lexa,jlexajz@seattletimes.com,Male,XS,50,174.0,124.3,true,Male,Services,Gaoshi
721,Maddie,Hankard,mhankardk0@ucoz.ru,Female,3XL,62,161.8,102.2,true,Female,Marketing,Tafí Viejo
722,Marti,Espinoza,mespinozak1@ted.com,Female,,74,163.0,155.0,true,,Business Development,Pakel
723,Corbet,Falconbridge,cfalconbridgek2@ifeng.com,Male,S,21,154.9,69.0,false,Female,Research and Development,Xinghe Chengguanzhen
724,Gauthier,Francillo,gfrancillok3@ucla.edu,Male,,45,173.2,64.6,false,Female,Training,Kanlagay
725,Shelby,Clowser,,Male,M,24,170.0,149.8,true,Female,Engineering,Julun
726,Hilton,Melby,hmelbyk5@businessweek.com,Male,,34,162.8,128.0,true,Female,Research and Development,Vilarelho
727,Hermy,Heckner,hhecknerk6@noaa.gov,Male,,56,148.4,82.9,true,Male,Legal,Sutton
728,Darnall,Effemy,deffemyk7@npr.org,Male,3XL,28,154.9,45.1,false,Male,,Zhongxing
729,Elly,Brownill,ebrownillk8@omniture.com,Genderqueer,XL,64,153.2,136.0,false,Male,Services,Flin Flon
730,Rob,Crossdale,rcrossdalek9@exblog.jp,Male,2XL,23,160.0,87.1,true,Male,,Pucallpa
731,Eda,Duro,eduroka@slideshare.net,Female,,24,163.4,174.7,true,Female,Legal,Cigadung
732,Chaim,Oager,coagerkb@deviantart.com,Male,S,56,161.0,186.6,false,Male,Business Development,Jinhui
733,Hope,Stucksbury,hstucksburykc@admin.ch,Genderfluid,XS,66,156.0,60.7,false,Female,Business Development,Delft
734,Geri,Garlick,ggarlickkd@latimes.com,Male,S,55,178.6,86.0,,,Legal,Haugesund
735,Inna,McKenna,imckennake@utexas.edu,Agender,M,44,170.3,146.2,false,Male,Accounting,Shiniu
736,Kore,Tomaszkiewicz,ktomaszkiewiczkf@goo.gl,Female,3XL,44,176.1,169.3,false,Female,Research and Development,Jianggao
737,Yolanda,Rodnight,yrodnightkg@google.de,Genderfluid,M,38,156.4,92.5,true,,Business Development,Tehrān
738,Velma,Attridge,vattridgekh@wix.com,Female,XS,68,149.4,107.9,true,Male,Legal,Petrozavodsk
739,Rozele,Debrick,rdebrickki@who.int,Female,XS,62,155.2,,true,Female,Sales,Nanterre
740,,Towsey,ctowseykj@japanpost.jp,Male,XL,33,147.7,152.8,false,Female,Accounting,Lodhrān
741,Owen,Blazejewski,oblazejewskikk@dagondesign.com,Male,2XL,49,173.9,122.1,false,Male,Business Development,Timóteo
742,Nada,Semble,nsemblekl@php.net,Female,,69,155.9,97.3,false,Female,,Berlin
743,Trip,Messer,tmesserkm@gizmodo.com,Male,S,68,170.1,47.8,false,Female,Sales,Paris 03
744,Brion,Vaskin,bvaskinkn@gravatar.com,Bigender,L,27,172.5,171.4,false,Male,Accounting,Qushi’an
745,Anthia,Holttom,aholttomko@blog.com,Female,M,52,173.7,180.0,true,Male,Support,Zarya
746,Lissa,Duguid,lduguidkp@google.com.br,Female,M,23,163.9,62.0,true,Male,,Lalauigan
747,Lissi,Rush,lrushkq@usda.gov,Female,XL,27,179.7,125.0,true,Male,Human Resources,Demak
748,Olympia,Cheeseman,ocheesemankr@washington.edu,Female,2XL,20,161.1,77.6,true,Female,Product Management,Cabiguan
749,Courtnay,Naughton,cnaughtonks@state.tx.us,Agender,S,62,148.3,182.8,false,Male,Legal,Nacka
750,Edith,Huggen,ehuggenkt@fastcompany.com,Genderqueer,XS,27,150.7,154.3,true,Female,Services,Ichinoseki
751,Kasey,Unwin,kunwinku@vkontakte.ru,Female,,69,155.1,184.7,false,Female,Legal,Veselí nad Moravou
752,Towney,Hattam,thattamkv@cisco.com,Male,M,53,163.6,158.9,true,Female,Legal,Puerto San José
753,Glad,Blakey,gblakeykw@geocities.jp,Female,S,59,165.7,175.7,false,Female,Sales,Soeng Sang
754,Jacklin,Echalie,jechaliekx@rambler.ru,Female,XS,74,168.6,40.6,true,,Accounting,La Tigra
755,Che,Liggins,cligginsky@telegraph.co.uk,Agender,,35,175.1,184.2,true,Male,Accounting,Karangwaru
756,Melisande,Lenz,mlenzkz@so-net.ne.jp,Bigender,2XL,38,154.3,40.1,true,Female,Support,Seattle
757,Roxine,MacDonell,rmacdonelll0@si.edu,Female,M,32,163.0,157.4,false,Female,Marketing,Apaga
758,Minnaminnie,Nesby,mnesbyl1@hostgator.com,Female,S,56,178.3,150.1,true,Female,Services,Lanjaghbyur
759,Ursuline,Pharro,upharrol2@reuters.com,Female,M,45,170.4,52.5,false,Female,Support,Stuttgart
760,Antoni,Brise,abrisel3@digg.com,Male,XS,44,154.5,122.5,false,Male,Legal,Ursk
761,Eilis,Abrahamoff,eabrahamoffl4@hp.com,Female,3XL,40,154.0,176.6,true,Female,Marketing,Livramento do Brumado
762,Georgeanne,Dumpleton,gdumpletonl5@facebook.com,Female,2XL,28,165.7,129.1,false,Female,Research and Development,Recife
763,Isabeau,Banham,ibanhaml6@gnu.org,Female,S,68,161.2,92.3,true,Female,Accounting,
764,Gibbie,Rouse,grousel7@google.nl,Male,M,62,172.8,89.3,true,Female,Human Resources,
765,Melony,Houlston,mhoulstonl8@studiopress.com,Female,XL,67,150.0,190.2,false,Female,Marketing,Bảo Lộc
766,Eli,Cumes,ecumesl9@google.nl,Male,L,32,165.2,107.0,false,Female,Research and Development,Takahagi
767,Ysabel,Symms,ysymmsla@bravesites.com,Female,L,25,164.1,80.9,true,,Training,Kwikila
768,Carolyne,Ebdin,cebdinlb@slate.com,Female,3XL,20,164.5,183.9,,Male,Product Management,Nakano
769,Bondie,Bromehed,bbromehedlc@domainmarket.com,Male,XL,45,148.5,45.7,false,Female,Training,Yuantan
770,Arielle,Filipiak,afilipiakld@networksolutions.com,Female,XL,71,149.8,192.9,false,Male,Training,Cullalabo del Sur
771,Reuben,Geach,rgeachle@dyndns.org,Male,3XL,35,151.1,127.6,true,Female,Marketing,Oslo
772,Parrnell,Bossom,pbossomlf@columbia.edu,Male,S,60,177.4,79.1,true,Female,Sales,Puerto Galera
773,Barris,Glenn,bglennlg@ucsd.edu,Male,M,43,175.7,182.8,false,Female,Legal,Fangbu
774,,Schwier,uschwierlh@zimbio.com,Male,XL,63,158.2,148.3,false,Male,Training,Xinghua
775,Garvey,Grolmann,ggrolmannli@statcounter.com,Male,M,46,162.1,56.7,false,Female,Services,Puerto Padre
776,Morena,Antonsson,mantonssonlj@arizona.edu,Female,XL,71,149.9,50.5,false,Male,Engineering,Yangping
777,Addison,Lanchbery,alanchberylk@time.com,Male,XS,47,166.5,73.9,false,Male,,Almeirim
778,Martie,,mdelahuntll@freewebs.com,Female,XL,54,148.0,97.5,true,Female,Marketing,Xingren
779,,Salt,esaltlm@google.cn,Male,XS,37,172.4,153.3,true,Male,Marketing,Oli
780,Pru,Daelman,pdaelmanln@list-manage.com,Female,M,69,162.2,140.9,false,Male,Legal,Brataj
781,Cooper,,clutenlo@stumbleupon.com,Male,XS,38,157.3,56.6,true,Female,Services,Jacareí
782,Robert,Cassar,rcassarlp@samsung.com,Male,XS,59,178.4,115.3,false,Female,Product Management,Pingshui
783,,Jurisic,hjurisiclq@blogs.com,Agender,XL,35,160.2,,false,Female,Services,Daixi
784,Sidonia,Stonman,sstonmanlr@de.vu,Female,S,34,151.8,167.5,false,Male,Business Development,Batagay-Alyta
785,Katlin,Olyfat,kolyfatls@microsoft.com,Female,XL,73,151.0,,true,Female,Product Management,Iwanai
786,Allard,Edmunds,aedmundslt@booking.com,Polygender,3XL,64,147.7,39.4,true,Female,Sales,Pan de Azúcar
787,Fredi,Westrey,fwestreylu@guardian.co.uk,Female,XL,44,151.3,89.4,false,Male,Product Management,Novotitarovskaya
788,Burnaby,Oswell,boswelllv@msn.com,Male,2XL,39,148.8,147.8,true,Female,Sales,Tenjolaya
789,Riordan,,rfairfootlw@dell.com,Male,XL,33,150.4,89.1,false,Male,Training,Indianapolis
790,Elijah,Caldera,ecalderalx@twitpic.com,Male,L,40,162.8,155.4,true,Male,Engineering,Walakeri
791,Gregory,Lunge,glungely@nps.gov,Male,XS,26,149.2,49.4,false,Female,Support,Shaliu
792,Park,Avis,pavislz@paginegialle.it,Male,M,48,157.1,55.1,true,Male,Marketing,Nantou
793,Burlie,Cafferty,bcaffertym0@dedecms.com,Male,2XL,35,164.1,166.7,false,Female,Human Resources,Yangyong
794,Averell,Bruckshaw,abruckshawm1@tamu.edu,Male,L,52,159.6,125.8,true,Female,Sales,Jincheng
795,Ciel,Torel,ctorelm2@discovery.com,Female,XS,35,154.0,132.4,true,Female,Training,Zhangbei
796,,Monckman,,Male,XS,27,172.1,180.7,true,Male,Support,Pocrí
797,Sollie,Grassick,sgrassickm4@hc360.com,Male,L,23,165.5,174.3,false,Male,Human Resources,Pacatuba
798,Camellia,Burbudge,cburbudgem5@amazonaws.com,Female,XS,24,,,true,Male,Engineering,Nanortalik
799,Kelley,Nobriga,,Male,,31,160.6,112.4,true,Female,Marketing,Tebluru
800,Aubine,Muris,amurism7@phpbb.com,Female,,72,175.9,92.3,false,Male,Product Management,Quỳnh Côi
801,Gregoire,Tolwood,gtolwoodm8@wunderground.com,Male,XS,54,173.5,190.7,false,Male,Sales,Emmen
802,Elisabeth,Linbohm,elinbohmm9@bloomberg.com,Female,2XL,32,164.5,116.5,true,Male,Support,Kamina
803,Chaim,Dmiterko,cdmiterkoma@upenn.edu,Male,XL,58,149.2,163.5,true,Male,Legal,Yirga ‘Alem
804,Durward,Dowden,ddowdenmb@microsoft.com,Male,XS,75,160.1,116.9,true,Female,Training,Mambi
805,,Lowres,clowresmc@rambler.ru,Male,L,56,158.4,154.9,false,Male,Accounting,Hakodate
806,Margie,Penchen,mpenchenmd@arstechnica.com,Female,L,47,152.2,140.7,false,Male,Legal,Bekwai
807,Querida,Blackwood,qblackwoodme@mtv.com,Female,XL,52,172.6,135.1,true,Female,Research and Development,Tours
808,Kimble,Wilman,kwilmanmf@jimdo.com,Male,S,66,179.2,193.8,false,,Marketing,Dundrum
809,Julius,Gorler,jgorlermg@clickbank.net,Male,,41,173.4,178.3,true,Male,Legal,Sanquan
810,Lester,Verdey,lverdeymh@ucla.edu,Male,S,56,156.1,64.5,false,Male,Services,Klobuky
811,Ezequiel,Vogl,,Male,S,44,171.6,90.7,true,Male,Marketing,Qulaybīyah
812,Cly,Ahmad,cahmadmj@uiuc.edu,Male,XL,42,154.7,70.6,false,Female,Legal,Kefar Shemaryahu
813,Stanton,Sherburn,ssherburnmk@cnbc.com,Male,M,26,173.8,109.0,true,Female,Product Management,Maunatlala
814,Egon,,eenriettoml@macromedia.com,Male,2XL,52,159.7,171.7,true,Female,Human Resources,Tadrart
815,Dorey,,dpeschkamm@virginia.edu,Male,2XL,70,157.6,56.2,true,Male,Services,Longxing
816,Peta,Mateos,pmateosmn@cbc.ca,Female,XL,34,155.7,80.1,true,Female,Product Management,Tournon-sur-Rhône
817,Hamlin,Winspur,hwinspurmo@about.com,Male,XS,51,164.3,182.0,true,Male,Services,Przemków
818,Brita,Kits,bkitsmp@nbcnews.com,Female,L,28,157.2,98.9,,Female,Engineering,Victoria West
819,Vladimir,Curbishley,vcurbishleymq@economist.com,Bigender,3XL,31,165.6,153.1,false,Female,Sales,Lordegān
820,Brody,Churchyard,bchurchyardmr@cnet.com,Male,L,56,169.9,143.2,false,Female,Human Resources,Guérande
821,,Drakeford,bdrakefordms@wp.com,Female,S,21,170.6,47.0,false,Male,Engineering,Joyabaj
822,Conny,Tremellier,ctremelliermt@yahoo.co.jp,Male,S,36,157.1,144.6,,Female,Services,Skinnskatteberg
823,Kahaleel,Vasyunkin,kvasyunkinmu@live.com,Genderfluid,3XL,53,,113.3,,Female,Training,Sabadell
824,Hobie,Tappor,htappormv@biblegateway.com,Male,L,24,172.1,166.1,false,Male,Engineering,Ketawang
825,Tab,Gaspero,tgasperomw@npr.org,Male,S,74,155.2,102.8,true,Female,Services,Laolong
826,Barnie,Prinne,bprinnemx@reference.com,Male,L,55,,134.7,false,Male,Business Development,Gjoa Haven
827,Ondrea,Grantham,ogranthammy@icio.us,Female,M,28,159.7,181.9,,Male,Research and Development,Cotabato
828,Jamesy,Izzatt,jizzattmz@bigcartel.com,Male,S,36,166.3,156.9,false,Male,Legal,Odiong
829,Agatha,MacAnespie,amacanespien0@cnbc.com,Female,3XL,59,166.8,129.0,false,Female,Business Development,Pingshan
830,Thebault,Goreisr,tgoreisrn1@wikipedia.org,Non-binary,XL,31,172.3,153.6,false,Female,Engineering,San Miguel
831,Rosemarie,,rstonefewingsn2@over-blog.com,Female,XL,66,156.2,187.4,true,Male,Engineering,Hwacheon
832,Nedda,Dibbs,ndibbsn3@comsenz.com,Female,XS,70,153.1,93.8,true,Female,Accounting,Panggulan
833,Frasco,Lambrecht,flambrechtn4@slate.com,Male,2XL,49,153.7,,false,Male,Research and Development,Sandovo
834,Petronella,,phaquardn5@geocities.com,Female,,38,155.0,165.5,false,Female,Services,Sergiyev Posad
835,Ulrike,,ueagleshamn6@nhs.uk,Female,XS,26,,70.9,false,Male,Engineering,Würzburg
836,Puff,,psmyn7@bluehost.com,Male,L,28,172.1,142.9,true,Male,Human Resources,
837,Arthur,Dunthorne,adunthornen8@wired.com,Male,S,22,149.6,77.4,true,Male,Accounting,Yangambi
838,Massimiliano,Butler,mbutlern9@sciencedaily.com,Male,S,23,155.1,108.2,true,Female,Accounting,Warungawi
839,Jeffry,Thomesson,jthomessonna@imageshack.us,Male,S,41,165.6,89.1,true,Female,Marketing,Parzęczew
840,Dannye,Fernyhough,dfernyhoughnb@xinhuanet.com,Female,2XL,72,163.6,70.7,false,Female,Product Management,Gandu
841,,Elson,,Male,S,44,172.4,193.2,false,,Support,Badīn
842,Hall,Swann,hswannnd@mozilla.org,Male,3XL,29,147.1,174.5,false,Male,Services,Koungou
843,Sig,Duthy,sduthyne@nhs.uk,Male,L,42,173.3,141.9,true,Male,Product Management,Lamu
844,Helli,Beedell,hbeedellnf@fotki.com,Female,XL,29,175.4,75.7,true,Male,Legal,Jieshipu
845,Marieann,Simoens,msimoensng@springer.com,Female,,43,147.4,78.0,false,Male,Human Resources,Cuiabá
846,Gawain,Pointing,gpointingnh@mashable.com,Male,S,72,172.0,159.9,false,Female,Business Development,
847,Lorraine,Hegges,lheggesni@paginegialle.it,Female,XL,26,152.1,190.9,true,Male,Accounting,Angers
848,Tatum,Huyton,thuytonnj@ed.gov,Bigender,XL,66,163.2,55.2,false,Female,Services,Caçador
849,Trever,Lemmertz,tlemmertznk@ed.gov,Male,3XL,53,,39.4,true,Male,Product Management,Lixiqiao
850,Alic,Crickmoor,acrickmoornl@arizona.edu,Genderfluid,M,44,175.9,145.9,,Male,Support,Castanheira
851,Dniren,Deex,ddeexnm@tinypic.com,Female,M,44,169.5,115.7,false,Female,Product Management,Ouro Preto do Oeste
852,Jerrylee,Trollope,jtrollopenn@plala.or.jp,Female,3XL,34,,179.5,true,Male,Research and Development,Rivesaltes
853,Roselle,Uebel,ruebelno@indiegogo.com,Female,M,46,176.6,,false,,Research and Development,Huayuan
854,Godard,Harriot,gharriotnp@mapy.cz,Male,3XL,50,167.4,167.7,true,Male,Business Development,Iset’
855,Mattheus,,mgoodinnq@w3.org,Male,2XL,51,160.2,161.7,true,Female,Accounting,Songshu
856,Costanza,Santus,csantusnr@state.gov,Female,XS,71,150.9,189.8,false,Male,Engineering,Kiili
857,Elvera,Mc Trusty,,Female,S,56,175.1,,false,Male,Sales,Koreiz
858,Kit,Fakes,kfakesnt@wisc.edu,Male,M,43,150.4,64.8,true,Female,Research and Development,Shibi
859,Rosy,,relbournenu@sakura.ne.jp,Female,XL,52,170.7,67.4,false,Female,Product Management,Canedo
860,Mirabel,Salmond,msalmondnv@theglobeandmail.com,Female,S,69,169.5,175.0,true,Male,Sales,Mandráki
861,Quentin,Feirn,qfeirnnw@ustream.tv,Female,XL,47,168.1,107.8,true,Male,Legal,Milanówek
862,Barde,Navarre,bnavarrenx@google.co.uk,Male,,68,,118.0,false,Female,Support,Patrocinio
863,Wolfie,Chateau,wchateauny@amazon.com,Male,L,65,150.9,85.4,false,Female,Product Management,Mato Cheirinhos
864,Ola,Woollhead,owoollheadnz@usa.gov,Female,M,42,179.5,162.8,true,Male,Accounting,Ternopil’
865,Oswell,Drinkhall,odrinkhallo0@businessweek.com,Male,XL,63,,158.1,true,Male,Accounting,Bordeaux
866,Carmina,Glowach,cglowacho1@stumbleupon.com,Female,3XL,68,155.1,181.4,false,Male,Training,Tambaksumur
867,Marylinda,Giovannetti,mgiovannettio2@wired.com,Female,,61,162.8,119.9,false,Male,Legal,Linjiang
868,Tanya,,toldroydo3@fotki.com,Female,L,64,150.6,102.3,true,Female,Marketing,Mlowo
869,Avrit,Camsey,acamseyo4@issuu.com,Female,XL,64,164.6,58.4,true,,Product Management,Donghu
870,Jess,Phoenix,jphoenixo5@dailymotion.com,Female,,58,178.0,155.6,false,Female,Services,Balagon
871,Free,Sellack,fsellacko6@e-recht24.de,Male,L,65,176.5,116.5,true,Male,Human Resources,Sabnie
872,Suzi,Zealander,szealandero7@vistaprint.com,Female,2XL,56,148.8,124.0,true,Female,Support,Sutton
873,Herta,Philler,hphillero8@delicious.com,Female,XL,38,162.6,119.9,true,Male,Accounting,San Sebastián
874,Kym,Fears,kfearso9@tripod.com,Female,M,28,152.9,78.7,true,,Sales,Kanada
875,Issi,Georg,igeorgoa@mit.edu,Female,,75,176.4,125.8,true,Male,Training,Betafo
876,Zsa zsa,Coslitt,zcoslittob@java.com,Genderfluid,S,26,161.4,63.9,false,Female,Product Management,Cahors
877,Vitia,Miskelly,vmiskellyoc@i2i.jp,Female,S,54,,149.8,true,,Accounting,Ōmuta
878,,,chathwayod@cnet.com,Female,L,71,161.8,124.7,true,Female,Marketing,Cherkasskoye
879,Georgeanne,Jahndel,gjahndeloe@sourceforge.net,Female,XL,65,164.6,178.8,false,Male,Human Resources,Kortowo
880,Kaycee,Westall,kwestallof@cocolog-nifty.com,Female,,30,148.2,53.9,true,,Sales,
881,Guthry,Duchenne,gduchenneog@hubpages.com,Male,M,26,162.8,98.3,true,Female,Marketing,Łagów
882,Jenelle,Borne,jborneoh@zdnet.com,Female,XL,72,170.9,81.8,false,Female,Support,Sōka
883,Rodolphe,Ralestone,,Male,S,22,147.9,178.9,true,Male,Support,Mutoko
884,Duff,Drohan,ddrohanoj@examiner.com,Male,3XL,71,157.8,164.8,false,Female,Business Development,Qiandeng
885,Georgetta,,gbyromok@com.com,Female,L,36,165.0,56.0,false,Female,Marketing,Chlumec nad Cidlinou
886,Gardie,Attenbrow,gattenbrowol@reverbnation.com,Male,2XL,72,149.5,69.2,false,Female,Business Development,Kuala Belait
887,Asa,Jon,ajonom@foxnews.com,Male,3XL,50,169.9,40.1,,Female,,Rybnoye
888,Joice,Stubbe,jstubbeon@telegraph.co.uk,Female,,56,175.8,124.6,true,Male,Services,Villefranche-sur-Mer
889,Mamie,Stockow,mstockowoo@is.gd,Female,S,60,151.4,56.7,true,Female,Accounting,Cartago
890,Herta,MacMeanma,hmacmeanmaop@edublogs.org,Female,L,44,159.0,108.6,false,Female,Marketing,Älvdalen
891,Borden,Dullingham,bdullinghamoq@army.mil,Male,L,55,165.7,131.5,,Female,Legal,Cuispes
892,Garner,Wragge,gwraggeor@xing.com,Male,3XL,22,162.8,175.5,true,Male,Human Resources,Horní Stropnice
893,Corny,Machel,cmachelos@behance.net,Male,L,65,156.8,77.8,true,Female,Engineering,Agía Varvára
894,Arnaldo,Leve,,Polygender,XS,27,,101.4,true,Male,Human Resources,Nioro
895,Anabelle,,atottou@omniture.com,Female,S,63,172.1,44.6,false,Male,Marketing,Tsagaanchuluut
896,Gilbert,Hourican,ghouricanov@loc.gov,Male,XS,67,168.2,143.4,false,Female,Business Development,Lingtou
897,Trent,Friend,tfriendow@nasa.gov,Genderfluid,,24,179.5,142.3,true,Male,Research and Development,Albany
898,Sadye,Greenhowe,sgreenhoweox@springer.com,Female,XS,34,162.6,132.3,true,Female,Services,Venezia
899,Morry,Matuszyk,,Agender,2XL,22,158.0,58.8,,,Marketing,Laboulaye
900,Chelsy,McKeever,cmckeeveroz@technorati.com,Female,,71,161.2,185.9,true,Male,Sales,Serra de Santa Marinha
901,Rowney,Greenhead,rgreenheadp0@pbs.org,Male,3XL,68,169.5,169.4,,Male,Research and Development,Krajan
902,Gypsy,Mc Meekan,gmcmeekanp1@washington.edu,Female,2XL,63,156.4,141.3,false,Male,Sales,La Curva
903,Roderich,Lever,rleverp2@nytimes.com,Male,XS,61,162.2,132.5,false,Male,Accounting,Busungbiu
904,Alfy,Gramer,agramerp3@sourceforge.net,Female,L,26,173.1,180.5,false,Female,Business Development,Fantan
905,Madeleine,Fley,mfleyp4@chron.com,Female,2XL,58,153.5,185.1,false,Male,Legal,Lunas
906,Arvy,Giacoppo,agiacoppop5@alexa.com,Male,XS,38,170.8,116.8,false,Male,Marketing,Rancapanjang
907,Elwood,Dearl,edearlp6@disqus.com,Male,S,34,153.8,,true,Male,Marketing,Montbrison
908,Ange,Rounsefell,arounsefellp7@sciencedaily.com,Male,S,66,149.0,46.9,true,Female,Training,Oinófyta
909,Dale,Kobisch,dkobischp8@bloglines.com,Male,M,31,172.5,69.9,false,Male,Business Development,‘Abs
910,Violet,Bayman,vbaymanp9@uol.com.br,Female,L,64,172.9,47.6,false,Male,Training,Xugu
911,Shawn,Mehew,smehewpa@alibaba.com,Female,3XL,62,178.0,119.8,true,Male,Support,Fengping
912,Karen,Painten,kpaintenpb@spiegel.de,Female,XS,63,165.1,41.7,true,Female,Business Development,Sauri
913,Bobbe,Malling,bmallingpc@oaic.gov.au,Female,XS,64,176.2,,true,Male,Support,Francisco I Madero
914,Sol,Collopy,,Male,,48,163.1,111.7,true,Female,Business Development,Banjar Kawan
915,Matias,Giral,mgiralpe@elegantthemes.com,Male,L,25,158.3,92.4,false,Male,Accounting,Celso Ramos
916,Truda,Petrasso,tpetrassopf@reference.com,Female,S,53,155.9,82.4,true,Female,Human Resources,Karuri
917,Gaston,Romanetti,gromanettipg@latimes.com,Male,M,36,175.1,174.9,true,Male,Accounting,Kotel’va
918,Lucias,Clift,lcliftph@tinyurl.com,Male,,63,165.3,198.0,true,Male,Engineering,Laguna de Perlas
919,Jereme,Gossart,jgossartpi@loc.gov,Male,XS,34,,43.5,true,Male,Marketing,Gujun
920,Burton,Beston,bbestonpj@wordpress.com,Male,XS,70,171.7,59.2,true,Male,Sales,Sardasht
921,Ward,Saldler,wsaldlerpk@gravatar.com,Male,2XL,35,178.6,129.3,true,Female,Marketing,As Sūsah
922,Katuscha,Ambrois,kambroispl@netscape.com,Female,L,34,177.4,199.9,false,Male,Legal,Sahatsakhan
923,Benjie,Klulik,bklulikpm@weibo.com,Male,2XL,59,169.9,106.4,false,Female,Research and Development,Isojoki
924,Arabelle,Bunkle,abunklepn@webmd.com,Female,,48,159.2,81.2,false,Male,Engineering,Mlawe
925,Henry,Brittain,hbrittainpo@cdc.gov,Male,2XL,22,168.1,156.3,true,Male,Legal,Okegawa
926,Ursala,Crayker,ucraykerpp@nasa.gov,Female,,62,160.1,118.4,false,,Services,Santa Lucia
927,Conni,Buckell,cbuckellpq@si.edu,Female,XL,48,158.8,115.4,true,Male,Training,Krzczonów
928,Grete,Giraldo,ggiraldopr@wikipedia.org,Female,XL,53,172.4,69.0,false,Female,Human Resources,Yanjiang
929,Mabelle,Dole,mdoleps@vimeo.com,Female,,45,158.2,190.6,true,Male,Product Management,Poyang
930,Conni,Boyce,cboycept@creativecommons.org,Female,,68,174.5,101.3,false,Male,Research and Development,Xuanbao
931,Ashley,,,Female,L,32,160.8,99.5,true,Female,Training,Pantin
932,Clarette,,cmacfadzanpv@apache.org,Female,2XL,57,167.4,144.1,false,Female,Business Development,Nanyang
933,Davidson,Timoney,dtimoneypw@businesswire.com,Male,L,65,147.6,188.5,true,Female,Marketing,Gombong
934,Doy,McCarlie,dmccarliepx@tamu.edu,Male,XS,37,169.3,47.6,true,Male,Research and Development,Oświęcim
935,Marthe,Waterfield,mwaterfieldpy@umn.edu,Female,XL,39,173.1,92.5,false,Female,Engineering,Piracicaba
936,Jayme,Adnett,jadnettpz@nsw.gov.au,Male,S,36,158.7,146.5,true,Male,Accounting,
937,Tilda,Brahmer,tbrahmerq0@so-net.ne.jp,Female,M,26,162.5,141.7,false,Male,Business Development,Przemęt
938,Faydra,Lambal,flambalq1@issuu.com,Female,XS,62,178.2,154.8,,Female,Accounting,Non Suwan
939,Carmella,MacKeever,cmackeeverq2@biglobe.ne.jp,Female,XS,48,147.8,59.9,false,Male,Human Resources,Apengjiang
940,Kathryne,Errett,kerrettq3@theglobeandmail.com,Female,2XL,37,166.7,,false,Female,Support,Huruta
941,Blanch,Reeson,breesonq4@chronoengine.com,Female,M,57,148.8,89.7,false,Female,Business Development,Čížkovice
942,Rowe,Lande,,Female,L,55,,191.9,false,Male,Engineering,Senovo
943,Pansie,Celes,pcelesq6@nps.gov,Female,L,48,176.1,58.0,false,Male,Sales,Melaka
944,,Cordelle,lcordelleq7@desdev.cn,Male,,26,147.7,146.2,false,Female,Services,Baylo
945,Gustavus,Taunton.,gtauntonq8@google.com,Male,M,42,159.9,72.9,false,Male,Services,Néa Róda
946,Dolley,Cheine,dcheineq9@godaddy.com,Female,3XL,59,156.6,114.3,true,Male,Business Development,Kosonsoy
947,Drusie,Hearl,dhearlqa@washington.edu,Female,3XL,74,171.2,95.8,false,Female,Legal,Jõhvi
948,Ralph,Luckwell,rluckwellqb@cargocollective.com,Male,2XL,25,173.1,118.3,false,Male,Human Resources,Tân Kỳ
949,Sher,Ranscomb,sranscombqc@pen.io,Female,XL,41,173.4,197.9,true,Female,Business Development,Ocoyo
950,Misti,Fortin,mfortinqd@narod.ru,Female,3XL,75,149.1,115.6,false,Female,Sales,Parfino
951,Jesse,Symcox,jsymcoxqe@ebay.co.uk,Male,L,38,169.5,129.7,true,,Sales,Śmiłowo
952,Sumner,Pyzer,spyzerqf@psu.edu,Genderfluid,3XL,22,174.0,115.7,true,Female,Accounting,Główczyce
953,Crichton,Poulsen,cpoulsenqg@wunderground.com,Male,XS,20,162.3,81.7,,Male,Business Development,San Pedro
954,Milt,Flori,mfloriqh@hp.com,Male,S,54,157.4,86.8,true,Male,,Phayuha Khiri
955,Jerald,Tatem,jtatemqi@cafepress.com,Male,2XL,45,177.1,40.5,false,Male,Marketing,Agpangi
956,,Dockree,ddockreeqj@miitbeian.gov.cn,Male,M,72,165.3,163.1,true,Female,,Jinlong
957,Rriocard,Rowett,rrowettqk@meetup.com,Male,XL,31,154.9,124.3,false,Male,Business Development,Pawa
958,Tildi,Ferson,tfersonql@google.com.hk,Female,,60,,164.1,true,Male,Human Resources,
959,Claire,McLagain,cmclagainqm@ca.gov,Female,XS,29,152.5,175.8,false,Male,Research and Development,Yima
960,Abie,,asongestqn@google.com.br,Male,,68,,44.8,true,Male,Sales,Chicago
961,Izaak,Roll,irollqo@yellowpages.com,Male,XL,36,,163.1,false,,Support,Sedatiagung
962,Daryle,Ciubutaro,dciubutaroqp@omniture.com,Male,S,64,,55.1,true,Female,Human Resources,Gvozd
963,Benito,Aime,baimeqq@google.de,Male,L,52,148.7,173.2,true,Male,Sales,Bang Kho Laem
964,Britt,Conre,bconreqr@nsw.gov.au,Female,L,74,149.2,192.8,false,Male,Accounting,
965,Jud,Mation,jmationqs@sciencedaily.com,Male,2XL,45,179.6,81.8,false,Female,Research and Development,Laylay
966,Ulrikaumeko,Fenne,ufenneqt@canalblog.com,Female,,23,155.0,180.8,false,Female,Human Resources,Nagasaki-shi
967,Brade,Renault,brenaultqu@etsy.com,Male,M,65,,130.8,true,Male,Support,Voznesenskoye
968,Ricardo,Bilam,rbilamqv@wsj.com,Male,2XL,21,157.2,93.8,false,Female,Product Management,Dřevohostice
969,Ekaterina,Lamport,elamportqw@example.com,Female,3XL,66,172.3,196.0,false,Female,Marketing,Heka
970,Ervin,Bowmaker,ebowmakerqx@slate.com,Male,3XL,29,153.0,163.9,true,Male,Marketing,Beiyang
971,Marje,Rawlingson,mrawlingsonqy@hp.com,Female,,39,174.6,126.6,false,Female,Human Resources,Thị Trấn Quế
972,Carry,Gethyn,cgethynqz@prnewswire.com,Female,S,65,166.4,92.0,true,Male,Business Development,Mulhouse
973,Katharina,Maass,kmaassr0@vkontakte.ru,Female,3XL,24,174.4,138.5,false,Male,Sales,Sherbrooke
974,Yoshi,,yocorrenr1@illinois.edu,Female,3XL,60,172.6,173.4,true,Female,Training,Palaiochóri
975,Susan,O'Corrigane,socorriganer2@huffingtonpost.com,Female,M,32,176.1,41.3,false,Male,Research and Development,Leping
976,Gates,Crawshay,gcrawshayr3@nba.com,Female,3XL,21,163.7,41.6,,Male,Human Resources,Xiaolin
977,Tabbie,McAuley,tmcauleyr4@123-reg.co.uk,Male,,74,167.6,75.5,,Female,Sales,Kotabaru
978,Wolfy,Schleicher,wschleicherr5@google.co.jp,Male,L,37,171.6,137.6,false,Female,Research and Development,Nanzamu
979,Charley,Rintoul,crintoulr6@earthlink.net,Male,2XL,69,156.8,171.9,true,Female,Product Management,Nancheng
980,Asia,,aclinesr7@squarespace.com,Female,,65,174.9,104.4,true,Female,Business Development,Gaoyao
981,Bogey,Yurshev,byurshevr8@apple.com,Male,3XL,46,154.2,122.8,true,Male,Training,Gialo
982,Sven,Peaple,speapler9@bing.com,Male,M,44,158.8,128.7,true,Female,Marketing,Golubac
983,Lauretta,Leppingwell,lleppingwellra@gravatar.com,Female,M,29,,156.4,true,Male,Support,Saint-Laurent-Blangy
984,Toiboid,McTavy,tmctavyrb@msn.com,Male,XL,69,167.3,59.5,true,Male,Legal,Tumauini
985,Ellerey,Woods,ewoodsrc@go.com,Male,2XL,60,148.6,57.5,false,Male,Services,Brovary
986,Muhammad,Darlington,mdarlingtonrd@youku.com,Male,3XL,34,171.4,70.3,false,Male,Research and Development,Campos Novos
987,Pren,Groundwater,pgroundwaterre@yellowbook.com,Male,3XL,60,152.2,130.0,true,Male,Training,Oganlima
988,Shelley,Spire,sspirerf@zimbio.com,Male,S,39,153.9,145.5,false,Male,Research and Development,Litian
989,Emlynne,Shotbolt,eshotboltrg@odnoklassniki.ru,Female,XL,33,161.2,51.7,false,Male,Marketing,Vilca
990,Elenore,Hopfer,ehopferrh@google.com.br,Female,L,67,149.2,170.4,false,Female,Training,Ojrzeń
991,Sheppard,Billinge,sbillingeri@dedecms.com,Male,M,23,147.5,61.5,true,Female,Sales,Napnapan
992,Harald,Sankey,hsankeyrj@microsoft.com,Male,2XL,23,159.5,127.0,,Male,Research and Development,Tsalgar
993,Nadean,Butt,nbuttrk@slashdot.org,Female,,49,168.8,149.5,true,Male,Marketing,Markušica
994,Freemon,Coulthurst,fcoulthurstrl@ustream.tv,Male,2XL,36,164.6,114.8,false,Female,Product Management,Berlin
995,Cash,Skingle,,Male,M,35,154.4,167.1,false,Female,Engineering,Qiling
996,Sarah,Salvatore,ssalvatorern@barnesandnoble.com,Female,3XL,35,148.0,172.5,true,Female,Business Development,Paris 14
997,Gabbi,Krabbe,gkrabbero@japanpost.jp,Female,3XL,27,171.0,134.8,true,Female,Services,San Vicente
998,Sterne,Aisbett,saisbettrp@noaa.gov,Male,2XL,65,178.5,179.2,false,Male,Human Resources,Vardane
999,Ramonda,Ruffy,rruffyrq@shutterfly.com,Female,,73,153.7,165.3,false,Female,Research and Development,Charata
1000,Garrot,Carrier,gcarrierrr@hexun.com,Male,2XL,23,166.3,96.0,true,Female,Accounting,Guyi
