id,first_name,last_name,gender,Math_score,Science_score
1,Melisenda,Erricker,Genderqueer,65,81
2,Goran,Grzelczyk,Male,67,56
3,Mitchael,Badby,Male,71,90
4,Helli,Brosch,Female,73,88
5,Aimee,Morfield,Female,,
6,Colene,Reihm,Genderfluid,98,69
7,Stefanie,Skepper,Female,67,89
8,Pier,Castanone,Female,92,87
9,Elicia,Cranmor,Agender,59,89
10,Jasper,Farey,Male,89,100
11,Junette,Buxy,Female,68,83
12,Trevor,Dellenbach,Male,86,83
13,Foster,Smartman,Male,62,72
14,Horatius,Merricks,Male,100,90
15,Alena,Smiley,Female,78,69
16,Marney,Pedrollo,Female,69,82
17,Tamra,Terrelly,Female,70,88
18,Meir,Grimmert,Male,72,94
19,Tobe,Wagge,Female,,78
20,Bradford,Hanes,Male,69,86
21,Ruth,Sidebotham,Genderqueer,,57
22,Ailee,Saintsbury,Female,92,66
23,Claybourne,Izachik,Male,100,77
24,Ernie,Wilcher,Male,66,64
25,Granville,Klinck,Male,67,71
26,Caria,MacKellar,Female,86,55
27,Ash,Desesquelle,Male,96,82
28,Ronica,Scollick,Polygender,60,
29,Mia,Vedyashkin,Female,90,82
30,Rudd,Alvarado,Male,82,59
31,Baillie,Fiske,Male,65,97
32,Stavro,Salzburg,Male,57,63
33,Gaylene,Snell,Female,97,59
34,Jeniece,Bielby,Female,61,66
35,Bertha,Benterman,Female,70,55
36,Parker,Swatman,Male,67,65
37,Rodge,Stanbro,Polygender,60,90
38,Charmain,Anderl,Female,89,59
39,Sloan,Lewty,Male,55,96
40,Wyndham,Doge,Male,,57
41,Teodorico,Sebley,Male,93,82
42,Lorrayne,Aickin,Female,85,84
43,Dorey,Nemchinov,Male,84,94
44,Shermie,Aim,Male,68,96
45,Andria,Shiliton,Female,,77
46,Georgiana,Whitford,Female,91,88
47,Gabriele,Goschalk,Male,58,73
48,Meredithe,Girling,Female,,96
49,Gerty,Poland,Genderfluid,92,65
50,Locke,Petre,Non-binary,94,75
51,Valerye,Wapplington,Female,63,100
52,Roland,De Filippis,Male,93,84
53,Bertie,Paschek,Female,69,98
54,Skip,Brabant,Male,98,89
55,Rycca,Gourlay,Female,85,69
56,Aurilia,Raisbeck,Female,73,66
57,Boycey,Vasilik,Male,,
58,Dorita,Tuxwell,Female,94,86
59,Petrina,Parke,Female,70,89
60,Herman,Keough,Male,78,60
61,Jerry,Harriskine,Male,72,
62,Britt,Osgorby,Male,76,91
63,Stanislas,Hallum,Male,58,72
64,Addi,Darbey,Female,,82
65,Tanhya,Fishley,Female,89,78
66,Pennie,Castanos,Female,94,98
67,Reece,Tansley,Male,95,90
68,Gypsy,Petz,Female,65,82
69,Edlin,Burkin,Male,63,86
70,Lisha,Brideau,Female,94,58
71,Finlay,Dowson,Male,82,88
72,Barny,Towner,Polygender,95,66
73,Babara,McAllen,Female,68,79
74,Hadlee,Marris,Genderfluid,,74
75,Kellen,Costa,Male,91,90
76,Bron,Tratton,Male,92,58
77,Lilias,Manns,Female,63,75
78,Ginger,Dax,Female,77,68
79,Gregorius,McCroary,Male,89,55
80,Yance,Gutowska,Male,82,97
81,Clari,Sharkey,Female,98,95
82,Eugenius,Cupitt,Male,61,
83,Lexine,Tome,Female,65,91
84,Prudence,Lunt,Female,93,
85,Nannie,Westbrook,Female,100,80
86,Ardyth,Alam,Female,69,85
87,Chev,Berkelay,Male,65,
88,Tobey,Giggs,Female,73,100
89,Bartholemy,Stedall,Male,68,76
90,Michaella,Fairhead,Female,95,85
91,Jereme,Brasseur,Male,61,
92,Marji,Furlow,Female,66,79
93,Dur,Hindmoor,Male,,85
94,Kaylyn,Tearle,Female,68,64
95,Vivien,Le feuvre,Female,65,86
96,Timmy,Plank,Male,86,
97,Alexia,Sighart,Female,,55
98,Malissa,Rubinowitsch,Female,76,88
99,Alfie,Mehaffey,Non-binary,57,79
100,Wolfy,Scowcroft,Male,98,93
101,Hunt,Hebner,Male,78,93
102,Ethelbert,Duckett,Male,73,74
103,Gertrud,Rudiger,Female,79,56
104,Symon,Prangley,Male,85,87
105,Kenneth,Rojel,Male,89,64
106,Aurthur,Rudgley,Male,58,85
107,Corette,Collinette,Female,63,94
108,Cristian,Pagitt,Agender,99,94
109,Reynold,Gascoyen,Male,95,79
110,Winonah,Dumini,Female,69,
111,Sharai,Julien,Female,,82
112,Lonna,Corain,Female,,84
113,Marcus,Chantillon,Agender,,92
114,Kathye,Flaxman,Female,78,100
115,Chere,Lambertz,Female,73,94
116,Renaldo,Zavattieri,Male,79,86
117,Phillida,Buffey,Agender,,92
118,Yul,Dugmore,Male,,91
119,Oralee,Bachman,Female,93,62
120,Ulric,Schottli,Non-binary,98,59
121,Hillel,Swidenbank,Bigender,85,87
122,Aguistin,Digance,Male,74,
123,Rasia,Lawless,Female,79,79
124,Hallsy,D'Abbot-Doyle,Male,,88
125,Demetre,Braben,Male,73,65
126,Nikoletta,Pulman,Female,95,80
127,Gwenni,Venny,Female,,
128,Merry,Hardcastle,Female,62,
129,Avrit,Bootell,Female,65,80
130,Romola,Gasperi,Female,81,88
131,Melitta,Borthwick,Female,97,78
132,Ursula,Maslin,Female,,92
133,Stormie,Risbie,Bigender,80,92
134,Kippar,Cowndley,Male,,73
135,Ellis,Couvert,Male,71,63
136,Collen,Caisley,Female,74,62
137,Rodge,Doorey,Male,56,84
138,Dell,Campes,Male,,77
139,Borden,Sanney,Male,90,72
140,Vicky,Assiratti,Female,85,59
141,Hillyer,Cantrill,Genderfluid,95,
142,Theo,Crockett,Polygender,69,78
143,Whitney,Kellett,Female,81,93
144,Daven,Varndell,Male,61,72
145,Eran,Forge,Female,87,55
146,Katti,Galley,Female,,56
147,Richie,Tennewell,Male,80,75
148,Brandie,Cocklin,Female,85,100
149,Florencia,Oakden,Female,86,88
150,Annabella,Megson,Female,96,
151,Neal,Crackett,Male,55,87
152,Nydia,Van der Hoven,Female,71,95
153,Mathias,Connerly,Male,91,82
154,Berry,Birts,Female,68,
155,Evyn,Riggott,Male,71,91
156,Nerti,Isaksen,Female,60,80
157,Annnora,Beckley,Female,98,77
158,Shaughn,Willbraham,Genderfluid,60,64
159,Row,Pantecost,Female,77,
160,Alicea,Steele,Female,90,90
161,Ephrayim,Grooby,Genderfluid,80,95
162,Rosene,Loughman,Female,72,77
163,Eric,Zielinski,Male,65,
164,Westbrooke,Gulc,Genderfluid,62,82
165,Donna,Ledekker,Female,67,96
166,Leonerd,Blasik,Male,100,63
167,Twila,Wannan,Female,67,97
168,Madalena,Pollastrone,Female,67,88
169,Denise,Jealous,Female,65,64
170,Karole,MacGilmartin,Female,96,88
171,Guss,Lattie,Male,93,94
172,Hersh,Dopson,Male,85,78
173,Charlene,Preuvost,Female,56,85
174,Malchy,Eliet,Male,68,99
175,Bev,Gravie,Male,96,82
176,Jemima,Keighly,Female,72,67
177,Gianna,Slingsby,Female,71,62
178,Solomon,Lisimore,Male,100,76
179,Agatha,MacCaughey,Female,69,81
180,Dana,Trounce,Male,60,98
181,Delcine,Tweede,Female,80,
182,Kellia,Jordison,Female,84,78
183,Wat,MacCorley,Male,92,57
184,Morris,Sibbald,Male,73,82
185,Cherise,Wilding,Female,70,88
186,Judd,Treadgold,Male,76,83
187,Kristoffer,Sisey,Polygender,90,79
188,Franciska,Willerson,Female,57,91
189,Thaddeus,Bilbery,Male,55,59
190,Rabbi,Cleaves,Agender,76,76
191,Der,Hegerty,Male,87,82
192,Gaultiero,Loade,Male,58,85
193,Jarred,Cullinan,Male,70,58
194,Irma,Merrigan,Female,92,77
195,Aldous,Janda,Male,64,70
196,Filmore,Sentinella,Male,90,89
197,Andi,Chaplin,Non-binary,99,66
198,Lorrin,Rottcher,Female,72,70
199,Larine,Rothon,Female,,94
200,Clem,Bulter,Female,75,81
201,Salomi,Felder,Female,,95
202,Calla,Bosson,Genderfluid,,67
203,Matthew,Bes,Male,55,60
204,Linn,Baribal,Female,,100
205,Dawna,Agostini,Female,84,79
206,Jerry,Shergill,Female,90,76
207,Sergio,Pinckard,Male,66,68
208,Marjie,Winny,Female,,73
209,Manfred,Gration,Male,84,57
210,Ranee,Evesque,Female,77,71
211,Ranee,Pau,Female,64,63
212,Falito,Screas,Male,93,86
213,Angie,Whittlesee,Female,80,75
214,Red,Sivess,Male,91,95
215,Archaimbaud,Sagg,Male,86,59
216,Magdalen,Deards,Female,85,83
217,Tisha,Velden,Female,86,71
218,Atlante,Kelf,Female,,66
219,Cristie,Spore,Female,57,80
220,Red,Spilsted,Male,98,78
221,Isa,Lamerton,Female,70,89
222,Trescha,Prestner,Female,86,68
223,Bailey,Jeyness,Male,86,78
224,Tiphani,Kalkhoven,Genderfluid,75,79
225,Brady,Orto,Male,56,59
226,Demeter,Roft,Female,61,85
227,Lillis,Blasiak,Female,84,81
228,Judith,Mitrikhin,Female,58,93
229,Serge,McGowran,Male,99,81
230,Marsha,Rickis,Female,67,
231,Veradis,Deplacido,Female,72,74
232,Rey,Duplan,Male,64,59
233,Gratiana,Clancy,Female,55,86
234,Vale,Synan,Male,79,
235,Vinnie,Lyles,Male,96,82
236,Vittorio,Mixture,Male,82,74
237,Claretta,Hame,Female,71,92
238,Maxy,Willis,Female,,76
239,Kele,Harte,Male,75,84
240,Maribelle,Cecil,Female,59,
241,Shea,Kinset,Male,69,75
242,Bernadette,Glossop,Female,55,63
243,Alberta,Laux,Bigender,72,97
244,Nikki,Aubrun,Male,,64
245,Bunni,Spellessy,Female,55,76
246,Corie,Livick,Female,80,61
247,Emory,Cunde,Genderfluid,91,92
248,Olympe,Rudgley,Female,89,81
249,August,Derle,Male,98,84
250,Marlin,Ebdon,Male,98,85
251,Far,Ciementini,Male,78,93
252,Silvio,Muspratt,Male,82,61
253,Gigi,Jilkes,Female,94,57
254,Puff,McArthur,Male,,62
255,Lena,Rubinchik,Female,58,61
256,Cody,Ateridge,Male,79,71
257,Harrie,Crier,Female,66,
258,Sheffy,Ballston,Male,63,79
259,Godart,Jankowski,Male,70,68
260,Baryram,Gerdes,Male,64,93
261,Ariela,Thow,Non-binary,95,92
262,Agnesse,Brenard,Female,79,71
263,Etienne,Hearst,Male,,59
264,Aubrey,Whyard,Female,80,59
265,Ki,de Cullip,Female,,77
266,Ben,Towll,Male,89,70
267,Nobe,Anslow,Polygender,83,71
268,Verney,McCracken,Agender,76,83
269,Annelise,Ties,Female,85,
270,Carmella,Hebblewhite,Female,,65
271,Garrott,Poytres,Male,,63
272,Bobby,Champerlen,Male,79,78
273,Nathalia,Androsik,Female,84,66
274,Junie,Spelsbury,Female,,69
275,Esteban,Roskrug,Male,55,
276,Kore,Clara,Female,82,68
277,Berkly,Hamshaw,Male,,69
278,Milli,Skule,Female,97,74
279,Nelle,Hamnett,Female,60,56
280,Gunilla,Meddemmen,Female,99,84
281,Katherina,Pennell,Bigender,66,62
282,Louise,Goodwyn,Female,88,80
283,Baillie,Lefley,Male,90,70
284,Jilli,Garie,Female,95,82
285,Marguerite,Hendin,Female,99,81
286,Chico,Gibby,Male,95,55
287,Pennie,McGonnell,Male,76,77
288,Bailey,Janeway,Male,,
289,Cal,Spick,Genderfluid,91,55
290,Clem,Ropking,Female,59,81
291,Gayla,Amphlett,Female,65,
292,Early,Robbey,Male,98,89
293,Bernardo,Hizir,Male,90,66
294,Elmo,Downey,Male,,60
295,Lindsay,Castella,Female,99,70
296,Kaine,Cowup,Male,80,61
297,Ignace,Oxtoby,Male,68,76
298,Torrey,Lamperti,Male,,96
299,Clark,Coleman,Male,77,90
300,Isadora,Bielfeld,Female,,59
301,Norman,Seys,Male,92,91
302,Jone,Crocroft,Male,74,86
303,Bald,Measham,Male,59,99
304,Abie,Sussans,Male,61,71
305,Rurik,Maginot,Male,84,69
306,Briny,Spittles,Female,66,
307,Merrile,Perulli,Female,78,
308,Gaston,Cawthron,Male,69,73
309,Howey,Burness,Male,84,63
310,Barbee,Kretschmer,Female,58,69
311,Sebastian,Grisenthwaite,Male,80,94
312,Neill,Edgson,Male,85,60
313,Wakefield,Evelyn,Genderfluid,77,98
314,Stefano,Voaden,Male,63,92
315,Lief,Bleckly,Non-binary,57,79
316,Frazier,Sappson,Male,79,92
317,Mitchell,Sancias,Male,85,91
318,Drud,Urey,Male,,98
319,Karel,Craydon,Female,,95
320,Hillary,Kitching,Female,75,97
321,Artie,Huntall,Male,91,91
322,Lisa,Julyan,Female,100,77
323,Kiri,Stood,Female,,70
324,Willa,Bulley,Female,,74
325,Ros,Depka,Non-binary,90,72
326,Anatollo,McSweeney,Male,67,65
327,Genevieve,Hellsdon,Female,95,
328,Regina,Adie,Female,100,
329,Marline,Powles,Female,,77
330,Nikki,Karppi,Female,71,69
331,Curtis,Loughton,Male,56,99
332,Valencia,Kordt,Female,80,91
333,Harrison,Rixon,Male,86,55
334,Joseph,Wheal,Male,64,94
335,Carolin,Zanutti,Female,80,74
336,Pall,Ramlot,Male,80,55
337,Khalil,Catchpole,Male,58,91
338,Devora,Bullant,Genderqueer,76,
339,Farley,Marishenko,Male,,86
340,Mike,Persence,Male,59,86
341,Roxana,Sillis,Non-binary,80,75
342,Deck,Hagley,Male,83,81
343,Mikel,France,Male,,64
344,Hinze,Pinnell,Male,60,89
345,Olga,Willcock,Female,77,
346,Boony,Palia,Male,68,62
347,Hebert,Cleere,Male,59,81
348,Rebecka,Malt,Female,58,
349,Gayler,McCowan,Male,93,58
350,Cole,Bauduccio,Male,71,
351,Johanna,Clampton,Female,65,77
352,Bethany,Giacopazzi,Female,72,67
353,Marisa,Morgan,Genderqueer,79,75
354,Bernelle,O'Rudden,Female,60,81
355,Donaugh,Armfield,Male,92,69
356,Barbabas,Mishaw,Male,91,76
357,Maude,Alger,Agender,63,72
358,Hewitt,Lippiatt,Male,89,97
359,Ferdy,Stapleton,Male,84,91
360,Dud,Strettle,Male,71,
361,Truman,Salasar,Male,,64
362,Rubetta,Leith-Harvey,Female,90,61
363,Britteny,Golsworthy,Female,65,77
364,Jessalin,Stovine,Female,71,93
365,Bliss,MacGuigan,Female,,88
366,Anett,Dodding,Female,80,
367,Marylou,Plinck,Female,86,81
368,Shandy,Rulf,Female,,99
369,Lusa,Noore,Female,80,68
370,Grantley,Probat,Male,71,75
371,David,Chapling,Male,87,70
372,Heinrik,Statham,Male,100,63
373,Blanch,Crofthwaite,Female,96,75
374,Orin,Sey,Male,89,97
375,Normie,Ashenhurst,Male,66,95
376,Cathyleen,Heazel,Non-binary,,
377,Trey,Crossman,Male,74,98
378,Karen,Aldus,Genderfluid,69,74
379,Sansone,Bigg,Male,56,74
380,Bobbie,Waldocke,Female,73,
381,Orin,Sirette,Male,90,94
382,Deeanne,Benoi,Female,87,75
383,Car,Satford,Male,89,67
384,Klement,Prescote,Male,87,
385,Karel,Manoch,Bigender,83,64
386,Pierrette,Northeast,Female,63,98
387,Roberto,Carlill,Male,,79
388,Eimile,Lawther,Female,61,
389,Minor,Bernardet,Male,71,87
390,Jobina,Schaben,Female,80,59
391,Lazare,Kenyon,Male,71,87
392,Kim,Phlipon,Male,90,70
393,Brian,Mulgrew,Male,98,78
394,Victoir,Chiese,Male,,98
395,Trenna,Kruschov,Female,64,
396,Arny,Reisin,Male,,83
397,Bailey,Coolbear,Male,84,80
398,Homere,Clemenza,Male,84,55
399,Viva,O'Shevlan,Female,67,75
400,Sydney,Pietzner,Female,92,57
401,Erin,Camlin,Male,87,81
402,Bev,Peskin,Male,75,86
403,Zabrina,Horburgh,Female,65,
404,Tory,Hassur,Female,67,88
405,Cointon,Gluyus,Male,85,62
406,Janette,Rawet,Female,64,92
407,Erich,MacGall,Male,61,95
408,Dav,Stairmond,Male,62,
409,Ruttger,Thripp,Male,84,81
410,Salomo,Laws,Male,84,78
411,Marilin,Ivushkin,Female,97,90
412,Stavros,Dowle,Male,62,96
413,Emmit,Densie,Male,67,80
414,Vivianna,Graben,Female,73,73
415,Gabie,Eddowis,Polygender,100,80
416,Silva,O'Brogane,Bigender,89,63
417,Valerye,Graal,Female,93,67
418,Bel,Greneham,Female,75,65
419,Derby,Filipchikov,Male,86,59
420,Stearn,Anwell,Male,66,
421,Zane,Turneux,Male,,77
422,Fionnula,Grindle,Female,81,
423,Mala,Nendick,Female,63,61
424,Sadye,Dupree,Female,60,81
425,Cristiano,Skaid,Male,91,56
426,Gui,Strippel,Female,80,87
427,Melinda,Barringer,Genderfluid,,85
428,Hamil,Pickervance,Male,76,
429,Elston,Doldon,Male,,88
430,Maxwell,Charlo,Male,96,75
431,Tammara,Glander,Female,74,87
432,Jule,Baggallay,Male,69,67
433,Stormie,Kelloway,Female,91,
434,Nanon,Purkins,Genderfluid,82,100
435,Hannah,Dreamer,Female,83,
436,Zaneta,Cruxton,Female,99,56
437,Garold,Emeline,Male,98,86
438,Reinaldo,Utting,Male,88,83
439,Rosalynd,Thorrold,Female,63,
440,Tate,Scurrer,Male,74,
441,Merill,Gregoli,Male,76,95
442,Nevil,Worsall,Male,,57
443,Bartholomeus,Chilley,Male,84,
444,Jennee,Schuricht,Female,,63
445,Arlee,Alpine,Female,83,
446,Griffith,Horsey,Male,57,65
447,Justis,Yerrell,Male,63,90
448,Abrahan,Aicheson,Male,84,
449,Fredra,McCanny,Female,79,61
450,Rowena,Flavelle,Female,55,
451,Shirline,Dillinger,Polygender,90,100
452,Noland,Chessil,Male,85,88
453,Caldwell,Whitwam,Genderfluid,66,89
454,Deck,Aldred,Male,67,59
455,Mackenzie,Hadcroft,Polygender,69,68
456,Selle,Linnock,Female,69,93
457,Wilow,Daber,Female,77,85
458,Leanora,Speerman,Female,99,86
459,Cymbre,Wagge,Female,84,76
460,Irvin,Scothorne,Male,,91
461,Timoteo,Alkin,Male,76,71
462,Jere,St. Hill,Female,67,88
463,Donalt,Murty,Male,92,
464,Nappie,Paal,Male,97,94
465,Michel,Demkowicz,Female,86,
466,Nickolas,Slay,Polygender,94,
467,Trescha,Iwanowicz,Female,89,59
468,Brander,Domonkos,Male,,94
469,Barbey,Suddaby,Female,85,80
470,Joel,Ross,Male,67,59
471,Corine,Line,Genderfluid,89,56
472,Bill,Stinchcombe,Female,75,62
473,Meg,Wynn,Female,77,60
474,Kiel,Barhem,Male,,81
475,Karlis,Hambleton,Male,84,82
476,Sisely,Cloney,Female,67,59
477,Ilsa,Gaul,Female,74,
478,Bear,Massot,Male,73,68
479,Cristine,Navarijo,Female,61,87
480,Shena,Habbema,Female,93,93
481,Jasen,Rhymer,Male,55,66
482,Nigel,Brixham,Male,68,98
483,Allin,Egginton,Male,93,61
484,Gaspar,Claasen,Male,,60
485,Alford,Fortescue,Agender,79,57
486,Adina,Blackhall,Female,,69
487,Donnie,Endecott,Female,55,89
488,Dion,Cunrado,Male,,70
489,Romonda,Pollen,Female,57,
490,Raquela,Leates,Female,79,
491,Andy,Hansemann,Male,80,90
492,Ingrim,Ivers,Male,71,64
493,Normy,Bolin,Male,56,
494,Wilfred,Fossett,Male,,95
495,Allison,Leal,Female,74,
496,Harper,Fiorentino,Genderfluid,57,70
497,Doll,Locket,Female,91,85
498,Sapphire,Wooff,Female,92,67
499,Rudolph,Garraway,Male,62,
500,Nicki,Touhig,Female,59,100
501,Solly,Carren,Male,91,60
502,Flor,Florez,Female,86,89
503,Loretta,Kyne,Female,92,71
504,Wynnie,Attenbarrow,Female,65,
505,Zebulon,Woolvett,Male,,93
506,Tomas,Brunotti,Male,58,70
507,Ellsworth,Peer,Male,87,85
508,Scotty,Crolla,Male,67,81
509,Jefferey,Alexandre,Male,68,88
510,Gayleen,Shimmin,Female,,69
511,Scarface,Aleksich,Male,91,99
512,Chase,Harris,Male,79,
513,Kent,Cogan,Agender,61,
514,Mella,Rusk,Female,68,93
515,Cristionna,Robjohns,Female,,64
516,Doti,McQuilliam,Female,70,57
517,Bondon,Doxsey,Male,97,95
518,Bealle,Meach,Male,71,
519,Shaw,Sweatman,Male,74,
520,Flossie,Dumbarton,Female,90,65
521,Karla,Harbin,Female,56,78
522,Fara,Citrine,Female,74,60
523,Janeen,Valentim,Polygender,68,85
524,Maurine,Hanniger,Female,84,56
525,Damian,Ferrolli,Male,57,76
526,Barry,Brussell,Female,59,93
527,Isidor,Keaves,Male,91,
528,Aloisia,Bownd,Female,100,67
529,Madelaine,Lorrimer,Female,63,92
530,Herschel,Lauxmann,Male,100,96
531,Daloris,Robottham,Female,72,73
532,Eamon,Corrin,Male,97,57
533,Emlynne,Annakin,Female,99,72
534,Erick,Pawlicki,Male,87,58
535,Jilleen,MacLaverty,Non-binary,100,99
536,Fee,Wyrall,Male,,67
537,Cedric,Guttridge,Male,59,99
538,Hailey,Teale,Agender,94,
539,Rossie,Fevers,Male,97,58
540,Peggie,Aitken,Female,62,
541,Dev,Oxborrow,Male,64,97
542,Amargo,Hamlen,Female,84,78
543,Lani,Cranidge,Female,98,65
544,Serge,Duinkerk,Male,66,
545,Abagail,Crowche,Genderfluid,82,100
546,Letisha,Paslow,Female,58,
547,Gery,Adamovich,Male,71,75
548,Vidovic,Gerlts,Male,85,67
549,Durante,Melia,Male,56,65
550,Vite,Harce,Male,81,61
551,Eulalie,Heppenspall,Bigender,66,79
552,Tracey,Parade,Male,67,75
553,Gretchen,Findon,Female,57,72
554,Thorsten,Mulqueen,Genderqueer,95,89
555,Filmer,Escofier,Male,69,60
556,Karlan,Phelp,Male,69,82
557,Chloette,Barlas,Female,64,92
558,Dyan,Kenyon,Female,82,68
559,Bron,Everson,Male,,83
560,Faye,Kneesha,Female,88,85
561,Gardy,Maccrae,Male,77,97
562,Carita,Blakebrough,Female,85,79
563,Crystal,Boylund,Female,,82
564,Trev,Crisell,Male,80,93
565,Donica,Shelf,Female,70,87
566,Caprice,Bradly,Female,86,70
567,Tobin,Belson,Male,89,55
568,Sibilla,Bartlomiejczyk,Female,99,64
569,Bili,Jorge,Female,94,81
570,Amara,Hortop,Female,96,85
571,Way,Reinger,Male,77,85
572,Alasdair,Habershon,Male,,73
573,Frances,Laville,Female,57,86
574,Ariel,Janiszewski,Male,79,89
575,Stephine,Garza,Female,72,
576,Bebe,Quartley,Female,71,65
577,Brana,McGaraghan,Female,,61
578,Jessa,Hawley,Female,90,57
579,Logan,Inggall,Male,77,64
580,Yolande,Sammons,Female,71,56
581,Leela,Toombs,Female,90,
582,Mallory,Byer,Male,85,86
583,Germain,Jerrome,Male,74,82
584,Dani,Wetwood,Female,67,93
585,Ab,Erdes,Male,,66
586,Jacqueline,Malyon,Female,69,86
587,Lettie,Tollmache,Female,61,92
588,Horatius,January,Male,89,94
589,Therese,Leadbitter,Female,58,58
590,Liana,Sebright,Female,84,59
591,Curry,Lambertini,Male,93,97
592,Brennan,Sneesby,Male,,77
593,Merell,Meininking,Male,66,
594,Wilfred,Ardy,Male,73,83
595,Sammy,Matyas,Female,80,
596,Pepe,Signore,Male,,
597,Celestia,Orlton,Female,97,84
598,Rayna,MacDaid,Female,90,96
599,Robbert,Klimmek,Male,96,92
600,Erie,Lints,Male,77,
601,Prince,Ochterlonie,Male,89,70
602,Elias,Radish,Male,89,66
603,Hartley,Van Eeden,Male,64,94
604,Storm,Whitley,Female,62,
605,Holt,Lewtey,Agender,83,68
606,Ludovika,Felton,Female,,88
607,Gennifer,McMeekan,Female,87,83
608,Silvain,Costin,Male,100,94
609,Rich,Camerati,Male,89,90
610,Hy,Lauder,Male,75,87
611,Morena,Petche,Genderqueer,,58
612,Hortense,Trevor,Female,97,63
613,Gar,Southgate,Male,97,
614,Almeta,Shilladay,Female,60,71
615,Herminia,Antley,Genderfluid,69,58
616,Sashenka,Saffill,Female,92,66
617,Sascha,Giacubo,Male,95,63
618,Katleen,Cragg,Female,64,85
619,Chryste,Teodori,Female,61,
620,Filippa,Brettel,Female,73,67
621,Nikoletta,Ramalho,Female,61,59
622,Erna,Jessope,Female,92,55
623,Nevil,Ewbanck,Male,82,69
624,Heida,Pritchett,Female,99,82
625,Kassia,Blasio,Female,76,76
626,Lynnette,Attew,Female,100,69
627,Skippy,Argo,Male,82,84
628,Filide,Meeks,Female,67,84
629,Mufinella,Kinnear,Female,90,95
630,Dacie,Mutter,Female,82,100
631,Erda,Order,Bigender,,60
632,Vidovic,Stoffler,Male,60,60
633,Ettie,Crysell,Female,56,
634,Farris,Axten,Male,78,56
635,Sawyere,Starkey,Male,98,95
636,Hersh,Woonton,Male,,71
637,Richart,Fowell,Male,56,60
638,Currey,Wordley,Male,59,78
639,Walsh,Muffin,Male,82,
640,Maible,Spedding,Non-binary,71,63
641,Amerigo,Baert,Male,72,
642,Stephannie,Brownjohn,Female,66,70
643,Jonas,Coultish,Polygender,80,68
644,Alessandra,Folshom,Female,79,79
645,Rosana,Londing,Female,81,63
646,Robenia,Whitley,Female,90,95
647,Curtice,Weeden,Male,63,55
648,Mariejeanne,Ottosen,Female,66,93
649,Thaddus,Jeffs,Male,94,
650,Drugi,Calles,Male,66,90
651,Garwood,Tuffley,Male,99,93
652,Dannye,Sinderson,Female,86,
653,Vivi,Fysh,Female,,79
654,Broderic,Velte,Male,,77
655,Sabina,Romaine,Female,92,
656,Joseito,Crayk,Male,,73
657,Cazzie,Gillott,Male,,74
658,Nilson,Danev,Male,66,87
659,Melody,Ionnisian,Female,60,83
660,Brigida,Switland,Female,88,66
661,Jule,McGaugey,Male,93,
662,Roy,Connal,Male,55,65
663,Agretha,Eggerton,Female,68,100
664,Abran,Novelli,Male,,63
665,Lamar,Mettetal,Bigender,77,99
666,Darn,Nequest,Male,81,98
667,Arnoldo,Klulisek,Male,91,75
668,Ted,Merwood,Female,73,89
669,Oneida,Surpliss,Female,79,57
670,Huntley,Vamplers,Male,86,89
671,Avigdor,Gaddes,Male,,82
672,Phillis,Aubert,Female,,69
673,Rod,Buston,Male,81,91
674,Marney,Gossage,Female,,95
675,Tirrell,Tarpey,Bigender,91,65
676,Clarissa,Elmhurst,Female,81,83
677,Celle,Biasetti,Female,67,98
678,Burnaby,Camel,Male,72,65
679,Heindrick,Chishull,Male,99,58
680,Shane,Lawson,Female,64,67
681,Carce,Pettett,Male,66,78
682,Dalila,Wellington,Polygender,93,
683,Cecil,Trussman,Male,70,92
684,Chalmers,Colston,Male,100,78
685,Kelly,Font,Female,70,85
686,Ania,Frear,Genderqueer,88,88
687,Christin,Huxham,Female,,73
688,Timotheus,Tidman,Male,,86
689,Berne,Lavrinov,Male,68,70
690,Markus,Eastup,Male,66,84
691,Fairfax,Isacoff,Male,58,80
692,Josepha,De Souza,Female,63,82
693,Piper,Rorke,Genderqueer,,88
694,Hort,Rylstone,Male,80,67
695,Verene,Pochet,Female,69,91
696,Gearard,Mengo,Male,59,96
697,Lewes,Pirazzi,Male,98,89
698,Rhys,Blaxeland,Male,97,
699,Leeanne,Parkman,Female,56,77
700,Ania,Rospars,Bigender,86,75
701,Christen,Pettyfer,Female,,56
702,Bax,Grass,Polygender,81,74
703,Edan,Rawlingson,Male,94,68
704,Lotty,Hovard,Female,97,67
705,Nan,Briddock,Female,92,59
706,Gerick,Gready,Male,66,87
707,Katrina,Nutty,Female,80,84
708,Kati,Hatherell,Female,67,96
709,Billye,Sawnwy,Female,61,56
710,Wat,Stallwood,Male,81,88
711,Oby,Sherreard,Male,,62
712,Yelena,Fawcett,Female,96,69
713,Guillemette,Yandell,Female,93,72
714,Bella,Makepeace,Female,75,81
715,Britney,Seagrove,Female,64,72
716,Muffin,Dorcey,Male,,62
717,Mahalia,Kubatsch,Female,,89
718,Teodorico,Noades,Male,63,88
719,Daniella,Aldrin,Female,81,
720,Link,Cristofalo,Male,75,89
721,Shina,Aizic,Female,70,55
722,Dag,Sharrocks,Male,,96
723,Loria,Lovemore,Female,69,81
724,Uriel,Mould,Male,84,82
725,Sheila-kathryn,Iacoboni,Female,93,96
726,Carlee,Shermore,Female,93,69
727,Uri,Gildersleeve,Male,85,55
728,Ivor,Doring,Male,100,79
729,Rona,De Vaar,Female,,86
730,Bryn,Tulloch,Male,63,79
731,Alisa,Yuryichev,Female,79,72
732,Sheena,Guerola,Female,72,97
733,Allayne,Bulluck,Male,59,57
734,Hortense,Wyllie,Genderqueer,76,63
735,Dore,Parr,Male,56,67
736,Nial,Clericoates,Male,,59
737,Homere,Stickney,Male,69,
738,Bernelle,Casazza,Female,85,69
739,Mikael,Georgeau,Male,95,82
740,Birdie,Ishak,Genderfluid,70,68
741,Elmo,Chelnam,Male,62,73
742,Emanuele,Brittan,Male,65,62
743,Malissia,Whitmell,Bigender,,64
744,Jami,Constantine,Female,92,55
745,Keelby,Dudderidge,Male,82,81
746,Kaleena,Brendeke,Female,60,77
747,Ronny,Jupp,Male,,91
748,Gertie,Gentzsch,Female,98,73
749,Berk,Petrazzi,Male,72,93
750,Rosie,Champness,Female,98,90
751,Tiebout,Tirone,Male,,91
752,Marta,Walbridge,Female,95,60
753,Lane,Daintree,Female,,
754,Xenos,Geeritz,Male,,
755,Ethelyn,Batha,Female,76,83
756,Skell,Szanto,Male,67,88
757,Harmonia,Redmond,Female,90,58
758,Tommy,MacCauley,Female,,83
759,Lissie,Dat,Female,58,99
760,Vernen,Castilljo,Male,58,72
761,Emmy,Kiernan,Female,71,63
762,Roseanne,Copsey,Female,73,64
763,Herculie,Goreway,Male,64,75
764,Honey,Crunkhorn,Female,62,
765,Jerrylee,Dods,Female,84,88
766,Yvor,Poyntz,Male,70,63
767,Mattheus,Alwood,Male,99,100
768,Carilyn,Ashford,Female,58,
769,Lombard,Cavet,Male,76,75
770,Henrik,Jaszczak,Male,,
771,Bernetta,Statton,Female,88,67
772,Aline,Gyorgy,Non-binary,55,
773,Dredi,Dobrovolski,Female,77,66
774,Nyssa,Moughtin,Female,,95
775,Salomi,Fleet,Female,57,59
776,Freida,Crozier,Female,61,89
777,Franz,Maidstone,Male,94,72
778,Silvano,Arnoult,Male,100,61
779,Lucian,Kensy,Male,,91
780,Itch,Poff,Genderfluid,75,99
781,Nathalie,Jeger,Female,100,82
782,Zia,Korda,Female,,75
783,Gaspard,Sherbrook,Male,,76
784,Tobin,Merali,Male,67,59
785,Gannie,Simioni,Male,85,81
786,Harland,Dun,Male,73,87
787,Tana,Goold,Genderfluid,85,67
788,Whitney,Willerton,Female,,
789,Roby,Vogl,Female,93,94
790,Olivier,Keijser,Male,88,84
791,Jocelyn,Duffett,Female,76,85
792,Osbourne,Bradnum,Male,89,68
793,Hort,Dawbery,Male,85,95
794,Barbaraanne,Cordall,Female,,73
795,Liane,O'Lunny,Female,78,
796,Arlan,Silverson,Male,87,94
797,Broddy,Smittoune,Male,69,98
798,Gottfried,Ruffell,Male,73,83
799,Floria,Halworth,Female,,76
800,Oralle,McGilvray,Female,90,72
801,Rodger,Gason,Male,57,87
802,Modestine,Petty,Female,84,55
803,Lindsey,Kopfer,Male,95,78
804,Carlo,Kareman,Male,79,78
805,Druci,Stonhard,Female,79,77
806,Bail,Geddis,Male,56,98
807,Camey,Tregonna,Male,82,
808,Loreen,Saville,Female,97,62
809,Teresa,Avey,Female,65,85
810,Garrick,Donovan,Male,,98
811,Amabel,Gozney,Female,79,85
812,Mata,Lawlance,Male,100,84
813,Beauregard,Danelutti,Genderfluid,95,79
814,Jill,Sherlaw,Female,69,81
815,Alaster,Jonke,Male,69,76
816,Carney,Oris,Male,81,60
817,Dal,Skellington,Male,56,68
818,Angy,Trethowan,Female,90,86
819,Thorin,Berzons,Male,88,77
820,Cirilo,Illingsworth,Male,59,82
821,Rowney,Lafay,Male,82,92
822,Cobb,Scurry,Male,66,
823,Tobias,Penhaligon,Male,75,79
824,Kaitlynn,Litchmore,Female,86,91
825,Traver,Cockney,Male,69,69
826,Hilton,Aronow,Male,74,99
827,Ann,Billiard,Female,87,63
828,Joyan,Crowter,Female,67,66
829,Cheri,Drewson,Female,,77
830,Herbie,Constance,Male,56,89
831,Sayer,Tomney,Male,84,95
832,Birgit,Leahy,Genderfluid,70,
833,Octavius,Tutin,Polygender,98,80
834,Sid,Boddice,Male,75,93
835,Hayley,Mucklestone,Female,81,94
836,Bone,Viscovi,Male,94,94
837,Aubine,Leggat,Female,88,97
838,Reena,Scranney,Female,59,78
839,Tonia,Razzell,Female,83,65
840,Tami,Frill,Female,87,90
841,Karen,Kingcote,Female,100,90
842,Jarid,Ewells,Male,92,69
843,Dyana,Gilvary,Female,,56
844,Kaine,Kless,Male,63,63
845,Cirilo,Hawk,Agender,,60
846,Opal,Pineaux,Female,74,
847,Brita,Biaggi,Female,,86
848,Cullan,Banbrigge,Male,79,72
849,Manon,Colbran,Female,60,89
850,Wendy,Moreing,Female,81,96
851,Bev,Ferrie,Female,,83
852,Sonja,Uccello,Female,56,98
853,Lennard,Sumshon,Male,72,61
854,Alyson,Willmot,Female,89,87
855,Curtice,Jennaway,Male,67,
856,Robinett,Piele,Female,61,94
857,Abbey,Fibbens,Male,60,93
858,Krystle,Waddie,Female,90,93
859,Shawnee,Lampart,Female,93,97
860,Geoffrey,Itzkovwitch,Non-binary,79,55
861,Nonnah,Fader,Female,98,74
862,Sumner,Bestwerthick,Male,92,84
863,Angele,Somner,Female,64,74
864,Dennet,Yaus,Bigender,65,56
865,Sioux,Crookall,Female,,92
866,Fredi,Piscopo,Female,86,96
867,Grier,Bickley,Female,80,81
868,Thadeus,Blucher,Male,95,90
869,Hildy,Blackburne,Female,74,71
870,Verina,Antosch,Female,68,64
871,Hilary,Croxton,Male,84,
872,Everard,Heynen,Male,87,55
873,Tiphanie,Dunne,Female,100,60
874,Stepha,Frostdicke,Female,86,
875,Therine,McIlmorie,Female,75,68
876,Vikki,Laborde,Female,85,
877,Rufe,Cowins,Male,68,75
878,Page,Mattecot,Male,,95
879,Ashbey,Aiskrigg,Male,94,87
880,Patrice,Leyrroyd,Male,60,97
881,Winifred,Grattage,Female,68,86
882,Hayden,Deeks,Male,59,62
883,Melodie,Aronstam,Female,94,57
884,Lukas,Dinwoodie,Male,88,
885,Annabela,Gulley,Female,64,81
886,Boigie,M'Chirrie,Male,93,68
887,Kip,Benzi,Agender,88,65
888,Leicester,Klaaassen,Male,99,60
889,Meggy,Govier,Female,89,89
890,Justen,Toffetto,Male,96,66
891,Bonny,Wilber,Genderqueer,95,57
892,Martha,Lafont,Female,55,58
893,Brooke,Dyerson,Male,55,94
894,Franchot,Jakubowski,Male,,90
895,Ophelia,Bugbird,Female,,
896,Randi,Atkinson,Male,84,72
897,Wolf,Chatain,Male,,
898,Zack,Paroni,Male,74,72
899,Gasparo,Lowbridge,Male,66,75
900,Fina,Yarham,Female,63,63
901,Horacio,Kempshall,Male,63,74
902,Delores,Wordley,Female,73,84
903,Fran,Nendick,Genderqueer,82,63
904,Abbie,Feckey,Female,88,100
905,Rodolphe,Milam,Male,61,90
906,Fergus,Slimon,Male,93,64
907,Alfonso,Weatherby,Male,78,85
908,Irena,Prendergast,Female,72,65
909,Edlin,Ferreiro,Male,99,72
910,Immanuel,Renzo,Male,,88
911,Maje,Bridywater,Male,62,
912,Bobbi,Heining,Non-binary,99,67
913,Aggie,Prendergast,Female,59,100
914,Truman,Weathey,Polygender,77,99
915,Tynan,Wurz,Male,74,86
916,Tabbitha,Brayne,Female,99,93
917,Earl,Boustred,Male,81,92
918,Jervis,Ashdown,Male,64,91
919,Lexie,Edgson,Female,83,63
920,Ortensia,Sargeaunt,Female,,83
921,Nydia,Scoggins,Female,87,83
922,Celka,Deverill,Female,86,77
923,Lucias,Abadam,Male,96,77
924,Leicester,Kivits,Male,82,64
925,Nady,Webermann,Female,96,
926,Glyn,Soles,Male,66,85
927,Inessa,Morillas,Female,97,56
928,Morena,Mannooch,Female,,63
929,Elset,Jaquin,Female,78,
930,Kala,Bissill,Female,100,69
931,Ronnica,Sisson,Female,56,75
932,Clarke,Gregan,Male,90,61
933,Justus,Slaight,Male,68,92
934,Donall,Clow,Male,56,85
935,Xylina,Hazart,Female,69,84
936,Ulla,Acaster,Female,73,89
937,Mayor,Scrimshire,Male,,91
938,Burr,Plumridge,Male,69,57
939,Sebastiano,Jenken,Male,55,96
940,Chelsey,Enric,Female,,86
941,Amalee,Izen,Female,93,65
942,Bertrand,Vesque,Male,63,67
943,Isabella,Purvess,Female,56,87
944,Luise,Jachtym,Female,75,90
945,Jerry,Ibel,Male,63,59
946,Ragnar,Dillistone,Male,71,96
947,Sidonnie,Storry,Female,86,57
948,Parry,McDuffy,Non-binary,74,64
949,Emlyn,Caulcott,Male,79,82
950,Aluin,Eynaud,Male,,88
951,Zitella,Vala,Female,88,70
952,Kyla,Beechcraft,Female,,96
953,Dalia,Fidler,Female,98,61
954,Rikki,Millsap,Female,71,81
955,Garrik,Olensby,Male,75,60
956,Ada,Hort,Female,84,80
957,Agnella,Gilgryst,Female,78,82
958,Cara,Beckmann,Female,89,61
959,Yoko,Rosenbaum,Female,100,71
960,Jacky,Firby,Female,61,78
961,Derrick,Baudrey,Non-binary,92,
962,Teresa,Geane,Female,72,66
963,Aaron,Rieger,Male,86,69
964,Ninetta,Alastair,Female,,
965,Marne,Putson,Female,,78
966,Nalani,Eathorne,Female,,63
967,Rodolph,Willavoys,Male,56,94
968,Kenna,Galfour,Female,87,94
969,Marthe,Rawcliffe,Female,56,84
970,Gay,Toxell,Male,80,64
971,Flore,Nial,Female,59,75
972,Mario,Brissenden,Male,95,74
973,Garvey,O'Donnell,Male,71,95
974,Malchy,Hagston,Male,87,69
975,Mellisa,Kaysor,Female,81,
976,Nathanial,Meco,Male,76,96
977,Marji,Mennithorp,Female,65,96
978,Munmro,Gorrissen,Male,60,69
979,Louise,Magauran,Female,69,62
980,Sadie,Canto,Female,79,55
981,Ken,Dowsing,Male,,59
982,Chancey,Barreau,Male,97,79
983,Taber,Mullany,Male,88,86
984,Merl,Barson,Female,88,66
985,Raddie,Cousens,Male,65,89
986,Kordula,Beushaw,Female,61,96
987,Doralia,Haitlie,Female,75,
988,Storm,Muino,Female,,88
989,Rogerio,Kleis,Male,89,61
990,Fanechka,Keeling,Female,87,75
991,Kyle,Rickell,Male,71,62
992,Gabi,Rushe,Female,98,75
993,Stanley,Malter,Non-binary,92,63
994,Silvano,Bolley,Male,85,56
995,Vincent,Yakebovitch,Male,58,68
996,Stu,Gudgion,Male,81,73
997,Timoteo,Edmonston,Male,73,86
998,Clo,Giacovazzo,Female,96,80
999,Zack,Parslow,Male,90,68
1000,Miguelita,Crosdill,Female,96,82
